TP,TC,PC,PCode,Alter,PCode2,Berufskl,Geschl,Fragest,aNEOform,aNEOstatus,aNEOdate,aNEOdur,aNEOage,aNEO01P,aNEO01N1,aNEO02P,aNEO02N1,aNEO03P,aNEO03N1,aNEO04P,aNEO04N1,aNEO05P,aNEO05N1,aNEO06P,aNEO06N1,aNEO07P,aNEO07N1,aNEO08P,aNEO08N1,aNEO09P,aNEO09N1,aNEO0AP,aNEO0AN1,aNEO0BP,aNEO0BN1,aNEO0CP,aNEO0CN1,aNEO0DP,aNEO0DN1,aNEO0EP,aNEO0EN1,aNEO0FP,aNEO0FN1,aNEO0GP,aNEO0GN1,aNEO0HP,aNEO0HN1,aNEO0IP,aNEO0IN1,aNEO0JP,aNEO0JN1,aNEO0KP,aNEO0KN1,aNEO0LP,aNEO0LN1,aNEO0MP,aNEO0MN1,aNEO0NP,aNEO0NN1,aNEO0OP,aNEO0ON1,aNEO0PP,aNEO0PN1,aNEO0QP,aNEO0QN1,aNEO0RP,aNEO0RN1,aNEO0SP,aNEO0SN1,aNEO0TP,aNEO0TN1,aNEO0UP,aNEO0UN1,aNEO0VP,aNEO0VN1,aNEO0WP,aNEO0WN1,aNEO0XP,aNEO0XN1,aNEO0YP,aNEO0YN1,aNEO0ZP,aNEO0ZN1,aNEO10P,aNEO10N1,aNEO11P,aNEO11N1,aNEO1001,aNEO1002,aNEO1003,aNEO1004,aNEO1005,aNEO1006,aNEO1007,aNEO1008,aNEO1009,aNEO1010,aNEO1011,aNEO1012,aNEO1013,aNEO1014,aNEO1015,aNEO1016,aNEO1017,aNEO1018,aNEO1019,aNEO1020,aNEO1021,aNEO1022,aNEO1023,aNEO1024,aNEO1025,aNEO1026,aNEO1027,aNEO1028,aNEO1029,aNEO1030,aNEO1031,aNEO1032,aNEO1033,aNEO1034,aNEO1035,aNEO1036,aNEO1037,aNEO1038,aNEO1039,aNEO1040,aNEO1041,aNEO1042,aNEO1043,aNEO1044,aNEO1045,aNEO1046,aNEO1047,aNEO1048,aNEO1049,aNEO1050,aNEO1051,aNEO1052,aNEO1053,aNEO1054,aNEO1055,aNEO1056,aNEO1057,aNEO1058,aNEO1059,aNEO1060,aNEO1061,aNEO1062,aNEO1063,aNEO1064,aNEO1065,aNEO1066,aNEO1067,aNEO1068,aNEO1069,aNEO1070,aNEO1071,aNEO1072,aNEO1073,aNEO1074,aNEO1075,aNEO1076,aNEO1077,aNEO1078,aNEO1079,aNEO1080,aNEO1081,aNEO1082,aNEO1083,aNEO1084,aNEO1085,aNEO1086,aNEO1087,aNEO1088,aNEO1089,aNEO1090,aNEO1091,aNEO1092,aNEO1093,aNEO1094,aNEO1095,aNEO1096,aNEO1097,aNEO1098,aNEO1099,aNEO1100,aNEO1101,aNEO1102,aNEO1103,aNEO1104,aNEO1105,aNEO1106,aNEO1107,aNEO1108,aNEO1109,aNEO1110,aNEO1111,aNEO1112,aNEO1113,aNEO1114,aNEO1115,aNEO1116,aNEO1117,aNEO1118,aNEO1119,aNEO1120,aNEO1121,aNEO1122,aNEO1123,aNEO1124,aNEO1125,aNEO1126,aNEO1127,aNEO1128,aNEO1129,aNEO1130,aNEO1131,aNEO1132,aNEO1133,aNEO1134,aNEO1135,aNEO1136,aNEO1137,aNEO1138,aNEO1139,aNEO1140,aNEO1141,aNEO1142,aNEO1143,aNEO1144,aNEO1145,aNEO1146,aNEO1147,aNEO1148,aNEO1149,aNEO1150,aNEO1151,aNEO1152,aNEO1153,aNEO1154,aNEO1155,aNEO1156,aNEO1157,aNEO1158,aNEO1159,aNEO1160,aNEO1161,aNEO1162,aNEO1163,aNEO1164,aNEO1165,aNEO1166,aNEO1167,aNEO1168,aNEO1169,aNEO1170,aNEO1171,aNEO1172,aNEO1173,aNEO1174,aNEO1175,aNEO1176,aNEO1177,aNEO1178,aNEO1179,aNEO1180,aNEO1181,aNEO1182,aNEO1183,aNEO1184,aNEO1185,aNEO1186,aNEO1187,aNEO1188,aNEO1189,aNEO1190,aNEO1191,aNEO1192,aNEO1193,aNEO1194,aNEO1195,aNEO1196,aNEO1197,aNEO1198,aNEO1199,aNEO1200,aNEO1201,aNEO1202,aNEO1203,aNEO1204,aNEO1205,aNEO1206,aNEO1207,aNEO1208,aNEO1209,aNEO1210,aNEO1211,aNEO1212,aNEO1213,aNEO1214,aNEO1215,aNEO1216,aNEO1217,aNEO1218,aNEO1219,aNEO1220,aNEO1221,aNEO1222,aNEO1223,aNEO1224,aNEO1225,aNEO1226,aNEO1227,aNEO1228,aNEO1229,aNEO1230,aNEO1231,aNEO1232,aNEO1233,aNEO1234,aNEO1235,aNEO1236,aNEO1237,aNEO1238,aNEO1239,aNEO1240,aNEO1241,aNEO1242,aNEO1243,aNEO2001,aNEO2002,aNEO2003,aNEO2004,aNEO2005,aNEO2006,aNEO2007,aNEO2008,aNEO2009,aNEO2010,aNEO2011,aNEO2012,aNEO2013,aNEO2014,aNEO2015,aNEO2016,aNEO2017,aNEO2018,aNEO2019,aNEO2020,aNEO2021,aNEO2022,aNEO2023,aNEO2024,aNEO2025,aNEO2026,aNEO2027,aNEO2028,aNEO2029,aNEO2030,aNEO2031,aNEO2032,aNEO2033,aNEO2034,aNEO2035,aNEO2036,aNEO2037,aNEO2038,aNEO2039,aNEO2040,aNEO2041,aNEO2042,aNEO2043,aNEO2044,aNEO2045,aNEO2046,aNEO2047,aNEO2048,aNEO2049,aNEO2050,aNEO2051,aNEO2052,aNEO2053,aNEO2054,aNEO2055,aNEO2056,aNEO2057,aNEO2058,aNEO2059,aNEO2060,aNEO2061,aNEO2062,aNEO2063,aNEO2064,aNEO2065,aNEO2066,aNEO2067,aNEO2068,aNEO2069,aNEO2070,aNEO2071,aNEO2072,aNEO2073,aNEO2074,aNEO2075,aNEO2076,aNEO2077,aNEO2078,aNEO2079,aNEO2080,aNEO2081,aNEO2082,aNEO2083,aNEO2084,aNEO2085,aNEO2086,aNEO2087,aNEO2088,aNEO2089,aNEO2090,aNEO2091,aNEO2092,aNEO2093,aNEO2094,aNEO2095,aNEO2096,aNEO2097,aNEO2098,aNEO2099,aNEO2100,aNEO2101,aNEO2102,aNEO2103,aNEO2104,aNEO2105,aNEO2106,aNEO2107,aNEO2108,aNEO2109,aNEO2110,aNEO2111,aNEO2112,aNEO2113,aNEO2114,aNEO2115,aNEO2116,aNEO2117,aNEO2118,aNEO2119,aNEO2120,aNEO2121,aNEO2122,aNEO2123,aNEO2124,aNEO2125,aNEO2126,aNEO2127,aNEO2128,aNEO2129,aNEO2130,aNEO2131,aNEO2132,aNEO2133,aNEO2134,aNEO2135,aNEO2136,aNEO2137,aNEO2138,aNEO2139,aNEO2140,aNEO2141,aNEO2142,aNEO2143,aNEO2144,aNEO2145,aNEO2146,aNEO2147,aNEO2148,aNEO2149,aNEO2150,aNEO2151,aNEO2152,aNEO2153,aNEO2154,aNEO2155,aNEO2156,aNEO2157,aNEO2158,aNEO2159,aNEO2160,aNEO2161,aNEO2162,aNEO2163,aNEO2164,aNEO2165,aNEO2166,aNEO2167,aNEO2168,aNEO2169,aNEO2170,aNEO2171,aNEO2172,aNEO2173,aNEO2174,aNEO2175,aNEO2176,aNEO2177,aNEO2178,aNEO2179,aNEO2180,aNEO2181,aNEO2182,aNEO2183,aNEO2184,aNEO2185,aNEO2186,aNEO2187,aNEO2188,aNEO2189,aNEO2190,aNEO2191,aNEO2192,aNEO2193,aNEO2194,aNEO2195,aNEO2196,aNEO2197,aNEO2198,aNEO2199,aNEO2200,aNEO2201,aNEO2202,aNEO2203,aNEO2204,aNEO2205,aNEO2206,aNEO2207,aNEO2208,aNEO2209,aNEO2210,aNEO2211,aNEO2212,aNEO2213,aNEO2214,aNEO2215,aNEO2216,aNEO2217,aNEO2218,aNEO2219,aNEO2220,aNEO2221,aNEO2222,aNEO2223,aNEO2224,aNEO2225,aNEO2226,aNEO2227,aNEO2228,aNEO2229,aNEO2230,aNEO2231,aNEO2232,aNEO2233,aNEO2234,aNEO2235,aNEO2236,aNEO2237,aNEO2238,aNEO2239,aNEO2240,aNEO2241,aNEO2242,aNEO2243
SOR1339999,AR Örebro samt SDH V Svealand,Dator 01,P51C0001001,625.0,sor1339999,,2.0,,2.0,Completed,41534.62863425926,910.0,591.0,LOCAL,,0.0,,100.0,46.0,116.0,47.0,113.0,52.0,172.0,73.0,62.0,41.0,15.0,47.0,8.0,36.0,23.0,53.0,17.0,52.0,11.0,40.0,26.0,63.0,28.0,67.0,21.0,53.0,23.0,45.0,13.0,42.0,21.0,51.0,10.0,32.0,30.0,68.0,26.0,62.0,10.0,43.0,13.0,39.0,7.0,39.0,27.0,59.0,31.0,72.0,26.0,58.0,32.0,71.0,24.0,60.0,29.0,65.0,30.0,66.0,10.0,43.0,4.0,33.0,9.0,41.0,7.0,36.0,22.0,64.0,10.0,46.0,,,,,,,,,,,,,,,,,,,,,,,,,,,,,,,,,,,,,,,,,,,,,,,,,,,,,,,,,,,,,,,,,,,,,,,,,,,,,,,,,,,,,,,,,,,,,,,,,,,,,,,,,,,,,,,,,,,,,,,,,,,,,,,,,,,,,,,,,,,,,,,,,,,,,,,,,,,,,,,,,,,,,,,,,,,,,,,,,,,,,,,,,,,,,,,,,,,,,,,,,,,,,,,,,,,,,,,,,,,,,,,,,,,,,,,,,,,,,,,,,,,,4.0,5.0,2.0,1.0,5.0,1.0,1.0,5.0,5.0,3.0,4.0,4.0,4.0,1.0,5.0,1.0,5.0,1.0,5.0,5.0,4.0,1.0,1.0,1.0,3.0,2.0,2.0,3.0,5.0,3.0,1.0,1.0,2.0,5.0,1.0,4.0,3.0,1.0,1.0,4.0,1.0,3.0,1.0,5.0,1.0,5.0,3.0,4.0,1.0,3.0,4.0,5.0,5.0,4.0,2.0,4.0,4.0,4.0,1.0,1.0,4.0,5.0,2.0,1.0,4.0,3.0,2.0,2.0,4.0,1.0,4.0,1.0,4.0,1.0,3.0,4.0,1.0,3.0,1.0,4.0,1.0,2.0,4.0,1.0,5.0,3.0,1.0,1.0,4.0,4.0,2.0,1.0,4.0,4.0,3.0,5.0,4.0,2.0,2.0,4.0,2.0,4.0,2.0,5.0,5.0,5.0,1.0,4.0,1.0,4.0,4.0,5.0,3.0,5.0,1.0,4.0,4.0,4.0,2.0,1.0,4.0,4.0,2.0,1.0,5.0,1.0,1.0,3.0,5.0,2.0,4.0,3.0,4.0,1.0,5.0,2.0,2.0,5.0,3.0,4.0,2.0,2.0,4.0,3.0,4.0,2.0,1.0,1.0,5.0,4.0,4.0,5.0,3.0,5.0,1.0,5.0,5.0,1.0,1.0,2.0,2.0,4.0,2.0,5.0,4.0,5.0,3.0,2.0,2.0,4.0,4.0,2.0,4.0,5.0,3.0,4.0,4.0,5.0,5.0,3.0,2.0,4.0,2.0,5.0,4.0,2.0,2.0,2.0,2.0,4.0,2.0,2.0,4.0,5.0,5.0,3.0,2.0,3.0,2.0,4.0,4.0,2.0,2.0,5.0,3.0,3.0,2.0,1.0,5.0,4.0,1.0,5.0,2.0,5.0,5.0,1.0,4.0,2.0,4.0,1.0,2.0,5.0,2.0,5.0,3.0,2.0,2.0,3.0,1.0,1.0,3.0,4.0,2.0,1.0,2.0,4.0,5.0,3.0,5.0,2.0,5.0,1.0,1.0
SOR1339020,AR Örebro samt SDH V Svealand,Dator 01,P51C0001002,571.0,SOR1339020,,1.0,,,,,,,,,,,,,,,,,,,,,,,,,,,,,,,,,,,,,,,,,,,,,,,,,,,,,,,,,,,,,,,,,,,,,,,,,,,,,,,,,,,,,,,,,,,,,,,,,,,,,,,,,,,,,,,,,,,,,,,,,,,,,,,,,,,,,,,,,,,,,,,,,,,,,,,,,,,,,,,,,,,,,,,,,,,,,,,,,,,,,,,,,,,,,,,,,,,,,,,,,,,,,,,,,,,,,,,,,,,,,,,,,,,,,,,,,,,,,,,,,,,,,,,,,,,,,,,,,,,,,,,,,,,,,,,,,,,,,,,,,,,,,,,,,,,,,,,,,,,,,,,,,,,,,,,,,,,,,,,,,,,,,,,,,,,,,,,,,,,,,,,,,,,,,,,,,,,,,,,,,,,,,,,,,,,,,,,,,,,,,,,,,,,,,,,,,,,,,,,,,,,,,,,,,,,,,,,,,,,,,,,,,,,,,,,,,,,,,,,,,,,,,,,,,,,,,,,,,,,,,,,,,,,,,,,,,,,,,,,,,,,,,,,,,,,,,,,,,,,,,,,,,,,,,,,,,,,,,,,,,,,,,,,,,,,,,,,,,,,,,,,,,,,,,,,,,,,,,,,,,,,,,,
SOR1349001,AR Örebro samt SDH V Svealand,Dator 01,P51C0001003,277.0,SOR1349001,,1.0,,,,,,,,,,,,,,,,,,,,,,,,,,,,,,,,,,,,,,,,,,,,,,,,,,,,,,,,,,,,,,,,,,,,,,,,,,,,,,,,,,,,,,,,,,,,,,,,,,,,,,,,,,,,,,,,,,,,,,,,,,,,,,,,,,,,,,,,,,,,,,,,,,,,,,,,,,,,,,,,,,,,,,,,,,,,,,,,,,,,,,,,,,,,,,,,,,,,,,,,,,,,,,,,,,,,,,,,,,,,,,,,,,,,,,,,,,,,,,,,,,,,,,,,,,,,,,,,,,,,,,,,,,,,,,,,,,,,,,,,,,,,,,,,,,,,,,,,,,,,,,,,,,,,,,,,,,,,,,,,,,,,,,,,,,,,,,,,,,,,,,,,,,,,,,,,,,,,,,,,,,,,,,,,,,,,,,,,,,,,,,,,,,,,,,,,,,,,,,,,,,,,,,,,,,,,,,,,,,,,,,,,,,,,,,,,,,,,,,,,,,,,,,,,,,,,,,,,,,,,,,,,,,,,,,,,,,,,,,,,,,,,,,,,,,,,,,,,,,,,,,,,,,,,,,,,,,,,,,,,,,,,,,,,,,,,,,,,,,,,,,,,,,,,,,,,,,,,,,,,,,,,,,
SOR1349008,AR Örebro samt SDH V Svealand,Dator 01,P51C0001004,561.0,SOR1349008,,1.0,,2.0,Completed,41611.62777777778,2831.0,530.0,LOCAL,,0.0,,67.0,34.0,129.0,54.0,84.0,39.0,131.0,54.0,80.0,54.0,12.0,42.0,4.0,34.0,11.0,33.0,13.0,46.0,7.0,36.0,20.0,48.0,17.0,37.0,23.0,60.0,23.0,48.0,22.0,62.0,27.0,64.0,17.0,45.0,19.0,46.0,13.0,41.0,10.0,39.0,12.0,39.0,10.0,40.0,20.0,50.0,21.0,51.0,23.0,55.0,25.0,56.0,19.0,52.0,26.0,62.0,17.0,37.0,11.0,49.0,13.0,53.0,14.0,54.0,16.0,59.0,12.0,44.0,14.0,60.0,,,,,,,,,,,,,,,,,,,,,,,,,,,,,,,,,,,,,,,,,,,,,,,,,,,,,,,,,,,,,,,,,,,,,,,,,,,,,,,,,,,,,,,,,,,,,,,,,,,,,,,,,,,,,,,,,,,,,,,,,,,,,,,,,,,,,,,,,,,,,,,,,,,,,,,,,,,,,,,,,,,,,,,,,,,,,,,,,,,,,,,,,,,,,,,,,,,,,,,,,,,,,,,,,,,,,,,,,,,,,,,,,,,,,,,,,,,,,,,,,,,,2.0,3.0,1.0,1.0,3.0,3.0,3.0,5.0,1.0,3.0,1.0,1.0,2.0,1.0,4.0,1.0,3.0,3.0,5.0,3.0,4.0,1.0,1.0,1.0,5.0,1.0,5.0,3.0,3.0,5.0,2.0,3.0,5.0,3.0,3.0,3.0,3.0,3.0,1.0,5.0,3.0,3.0,3.0,4.0,1.0,1.0,3.0,3.0,3.0,5.0,1.0,4.0,5.0,5.0,1.0,3.0,3.0,3.0,3.0,3.0,4.0,4.0,1.0,3.0,3.0,3.0,3.0,5.0,5.0,1.0,3.0,1.0,3.0,1.0,5.0,4.0,3.0,3.0,3.0,1.0,4.0,3.0,1.0,1.0,4.0,3.0,3.0,1.0,3.0,2.0,1.0,1.0,1.0,3.0,1.0,4.0,1.0,1.0,4.0,4.0,3.0,4.0,3.0,4.0,3.0,2.0,3.0,2.0,5.0,3.0,3.0,3.0,3.0,4.0,1.0,3.0,3.0,2.0,3.0,3.0,3.0,3.0,1.0,2.0,3.0,1.0,3.0,4.0,4.0,1.0,3.0,3.0,1.0,1.0,4.0,1.0,3.0,3.0,3.0,3.0,1.0,1.0,1.0,3.0,3.0,3.0,1.0,3.0,3.0,1.0,2.0,3.0,1.0,4.0,3.0,3.0,3.0,2.0,1.0,1.0,1.0,3.0,3.0,3.0,1.0,3.0,1.0,1.0,3.0,4.0,3.0,4.0,3.0,4.0,1.0,3.0,4.0,4.0,5.0,3.0,2.0,3.0,4.0,4.0,2.0,3.0,3.0,1.0,1.0,3.0,3.0,1.0,3.0,4.0,4.0,3.0,2.0,4.0,1.0,3.0,1.0,2.0,2.0,3.0,1.0,3.0,2.0,1.0,3.0,3.0,1.0,3.0,2.0,3.0,3.0,3.0,2.0,1.0,2.0,1.0,1.0,2.0,1.0,3.0,5.0,3.0,2.0,2.0,2.0,4.0,3.0,2.0,3.0,1.0,3.0,3.0,5.0,3.0,2.0,3.0,4.0,1.0,1.0
SOR1349008,AR Örebro samt SDH V Svealand,Dator 01,P51C0001007,561.0,SOR1349008,,1.0,,2.0,Completed,41675.463854166665,2830.0,532.0,LOCAL,,0.0,,74.0,38.0,128.0,54.0,87.0,41.0,140.0,59.0,84.0,56.0,10.0,38.0,7.0,39.0,11.0,33.0,16.0,52.0,11.0,42.0,19.0,45.0,17.0,37.0,19.0,51.0,28.0,60.0,22.0,62.0,21.0,52.0,21.0,54.0,20.0,49.0,12.0,40.0,10.0,39.0,13.0,41.0,12.0,44.0,20.0,50.0,22.0,53.0,22.0,53.0,24.0,54.0,24.0,64.0,28.0,66.0,20.0,45.0,12.0,51.0,17.0,62.0,14.0,54.0,16.0,59.0,12.0,44.0,13.0,57.0,,,,,,,,,,,,,,,,,,,,,,,,,,,,,,,,,,,,,,,,,,,,,,,,,,,,,,,,,,,,,,,,,,,,,,,,,,,,,,,,,,,,,,,,,,,,,,,,,,,,,,,,,,,,,,,,,,,,,,,,,,,,,,,,,,,,,,,,,,,,,,,,,,,,,,,,,,,,,,,,,,,,,,,,,,,,,,,,,,,,,,,,,,,,,,,,,,,,,,,,,,,,,,,,,,,,,,,,,,,,,,,,,,,,,,,,,,,,,,,,,,,,3.0,4.0,1.0,1.0,3.0,3.0,3.0,4.0,1.0,3.0,3.0,1.0,3.0,1.0,4.0,1.0,3.0,1.0,5.0,3.0,4.0,3.0,1.0,1.0,5.0,1.0,3.0,3.0,3.0,5.0,3.0,3.0,4.0,4.0,3.0,3.0,2.0,3.0,1.0,5.0,3.0,3.0,4.0,5.0,1.0,2.0,3.0,3.0,3.0,4.0,3.0,4.0,4.0,5.0,1.0,3.0,2.0,3.0,3.0,3.0,4.0,3.0,1.0,3.0,3.0,3.0,3.0,5.0,5.0,2.0,3.0,1.0,3.0,1.0,5.0,5.0,3.0,3.0,3.0,1.0,3.0,3.0,2.0,1.0,3.0,3.0,3.0,1.0,4.0,2.0,1.0,1.0,4.0,3.0,2.0,1.0,1.0,2.0,5.0,4.0,4.0,4.0,3.0,4.0,1.0,3.0,3.0,3.0,2.0,5.0,3.0,3.0,3.0,4.0,2.0,3.0,3.0,3.0,1.0,4.0,3.0,3.0,1.0,2.0,3.0,1.0,3.0,4.0,5.0,2.0,3.0,3.0,3.0,4.0,5.0,1.0,2.0,3.0,3.0,4.0,3.0,1.0,3.0,2.0,1.0,3.0,1.0,4.0,3.0,1.0,3.0,3.0,1.0,4.0,3.0,3.0,4.0,3.0,1.0,1.0,2.0,3.0,4.0,4.0,3.0,3.0,1.0,1.0,1.0,3.0,1.0,4.0,1.0,4.0,3.0,3.0,4.0,3.0,4.0,4.0,2.0,3.0,4.0,4.0,2.0,4.0,3.0,1.0,1.0,3.0,3.0,2.0,2.0,3.0,4.0,3.0,1.0,3.0,2.0,4.0,2.0,3.0,2.0,4.0,2.0,4.0,3.0,1.0,3.0,4.0,1.0,4.0,2.0,3.0,4.0,3.0,1.0,1.0,3.0,3.0,1.0,3.0,1.0,4.0,5.0,4.0,3.0,3.0,1.0,4.0,3.0,1.0,1.0,1.0,4.0,3.0,5.0,3.0,3.0,4.0,4.0,1.0,1.0
SOR1349010,AR Örebro samt SDH V Svealand,Dator 01,P51C0001008,477.0,sor1349010,,1.0,,2.0,Completed,41682.41027777778,2701.0,448.0,LOCAL,,0.0,,83.0,42.0,113.0,46.0,107.0,50.0,110.0,41.0,73.0,50.0,12.0,42.0,5.0,36.0,16.0,44.0,21.0,63.0,10.0,40.0,19.0,45.0,15.0,32.0,17.0,47.0,23.0,48.0,16.0,48.0,22.0,54.0,20.0,51.0,20.0,49.0,19.0,53.0,11.0,41.0,17.0,51.0,21.0,61.0,19.0,48.0,17.0,42.0,19.0,47.0,23.0,51.0,17.0,47.0,18.0,45.0,16.0,34.0,11.0,49.0,10.0,47.0,14.0,54.0,12.0,49.0,16.0,54.0,10.0,50.0,,,,,,,,,,,,,,,,,,,,,,,,,,,,,,,,,,,,,,,,,,,,,,,,,,,,,,,,,,,,,,,,,,,,,,,,,,,,,,,,,,,,,,,,,,,,,,,,,,,,,,,,,,,,,,,,,,,,,,,,,,,,,,,,,,,,,,,,,,,,,,,,,,,,,,,,,,,,,,,,,,,,,,,,,,,,,,,,,,,,,,,,,,,,,,,,,,,,,,,,,,,,,,,,,,,,,,,,,,,,,,,,,,,,,,,,,,,,,,,,,,,,3.0,4.0,2.0,2.0,2.0,1.0,1.0,5.0,1.0,5.0,3.0,2.0,2.0,1.0,4.0,1.0,2.0,2.0,3.0,4.0,2.0,3.0,1.0,2.0,4.0,2.0,2.0,3.0,3.0,3.0,2.0,2.0,4.0,3.0,4.0,3.0,3.0,4.0,2.0,4.0,3.0,3.0,2.0,4.0,3.0,4.0,4.0,4.0,2.0,4.0,3.0,1.0,5.0,4.0,2.0,3.0,3.0,2.0,2.0,4.0,4.0,2.0,2.0,3.0,3.0,2.0,2.0,5.0,2.0,3.0,4.0,2.0,3.0,2.0,5.0,3.0,3.0,3.0,2.0,3.0,4.0,2.0,1.0,1.0,4.0,2.0,3.0,1.0,3.0,3.0,2.0,2.0,2.0,2.0,3.0,2.0,3.0,1.0,3.0,4.0,3.0,3.0,3.0,4.0,1.0,1.0,3.0,4.0,4.0,4.0,4.0,1.0,4.0,2.0,2.0,3.0,3.0,3.0,4.0,4.0,3.0,4.0,2.0,2.0,3.0,2.0,3.0,5.0,5.0,2.0,3.0,3.0,3.0,3.0,4.0,3.0,3.0,2.0,3.0,4.0,3.0,2.0,2.0,4.0,4.0,2.0,4.0,3.0,2.0,2.0,2.0,2.0,4.0,4.0,3.0,4.0,3.0,3.0,2.0,2.0,3.0,4.0,3.0,4.0,2.0,4.0,2.0,4.0,3.0,4.0,4.0,4.0,2.0,3.0,3.0,4.0,4.0,4.0,4.0,4.0,3.0,4.0,3.0,2.0,3.0,2.0,2.0,1.0,1.0,3.0,3.0,2.0,4.0,4.0,4.0,2.0,2.0,2.0,2.0,2.0,2.0,3.0,3.0,2.0,2.0,4.0,2.0,2.0,3.0,2.0,2.0,4.0,3.0,3.0,4.0,2.0,2.0,1.0,3.0,2.0,2.0,4.0,2.0,3.0,4.0,2.0,4.0,4.0,2.0,3.0,4.0,5.0,4.0,2.0,3.0,4.0,4.0,3.0,3.0,4.0,4.0,1.0,1.0
SOR1429500,AR Örebro samt SDH V Svealand,Dator 01,P51C0001009,676.0,sor1429500,,2.0,,,,,,,,,,,,,,,,,,,,,,,,,,,,,,,,,,,,,,,,,,,,,,,,,,,,,,,,,,,,,,,,,,,,,,,,,,,,,,,,,,,,,,,,,,,,,,,,,,,,,,,,,,,,,,,,,,,,,,,,,,,,,,,,,,,,,,,,,,,,,,,,,,,,,,,,,,,,,,,,,,,,,,,,,,,,,,,,,,,,,,,,,,,,,,,,,,,,,,,,,,,,,,,,,,,,,,,,,,,,,,,,,,,,,,,,,,,,,,,,,,,,,,,,,,,,,,,,,,,,,,,,,,,,,,,,,,,,,,,,,,,,,,,,,,,,,,,,,,,,,,,,,,,,,,,,,,,,,,,,,,,,,,,,,,,,,,,,,,,,,,,,,,,,,,,,,,,,,,,,,,,,,,,,,,,,,,,,,,,,,,,,,,,,,,,,,,,,,,,,,,,,,,,,,,,,,,,,,,,,,,,,,,,,,,,,,,,,,,,,,,,,,,,,,,,,,,,,,,,,,,,,,,,,,,,,,,,,,,,,,,,,,,,,,,,,,,,,,,,,,,,,,,,,,,,,,,,,,,,,,,,,,,,,,,,,,,,,,,,,,,,,,,,,,,,,,,,,,,,,,,,,,,
SOR1429018,AR Örebro samt SDH V Svealand,Dator 01,P51C0001010,493.0,,,2.0,,2.0,Completed,41753.483449074076,2382.0,466.0,LOCAL,,0.0,,104.0,48.0,102.0,39.0,72.0,32.0,144.0,56.0,137.0,73.0,19.0,55.0,8.0,36.0,26.0,60.0,8.0,33.0,16.0,50.0,27.0,66.0,16.0,36.0,11.0,30.0,27.0,55.0,15.0,47.0,6.0,20.0,27.0,65.0,22.0,49.0,16.0,44.0,2.0,29.0,4.0,22.0,5.0,35.0,23.0,52.0,9.0,22.0,27.0,61.0,30.0,66.0,21.0,54.0,30.0,68.0,27.0,58.0,32.0,79.0,11.0,48.0,28.0,73.0,27.0,76.0,15.0,48.0,24.0,77.0,,,,,,,,,,,,,,,,,,,,,,,,,,,,,,,,,,,,,,,,,,,,,,,,,,,,,,,,,,,,,,,,,,,,,,,,,,,,,,,,,,,,,,,,,,,,,,,,,,,,,,,,,,,,,,,,,,,,,,,,,,,,,,,,,,,,,,,,,,,,,,,,,,,,,,,,,,,,,,,,,,,,,,,,,,,,,,,,,,,,,,,,,,,,,,,,,,,,,,,,,,,,,,,,,,,,,,,,,,,,,,,,,,,,,,,,,,,,,,,,,,,,1.0,5.0,5.0,4.0,4.0,1.0,5.0,1.0,5.0,1.0,1.0,1.0,1.0,1.0,4.0,5.0,3.0,4.0,4.0,3.0,1.0,1.0,1.0,1.0,1.0,4.0,1.0,1.0,4.0,1.0,5.0,1.0,3.0,1.0,4.0,4.0,1.0,4.0,1.0,1.0,5.0,5.0,1.0,5.0,1.0,1.0,1.0,4.0,3.0,4.0,1.0,5.0,3.0,4.0,4.0,1.0,5.0,3.0,1.0,5.0,1.0,5.0,1.0,4.0,1.0,1.0,1.0,5.0,1.0,3.0,1.0,1.0,5.0,1.0,5.0,4.0,5.0,5.0,1.0,3.0,1.0,1.0,5.0,1.0,3.0,5.0,1.0,1.0,5.0,5.0,5.0,1.0,1.0,1.0,1.0,1.0,5.0,1.0,1.0,1.0,1.0,5.0,1.0,5.0,1.0,1.0,1.0,1.0,1.0,5.0,5.0,5.0,5.0,5.0,5.0,1.0,5.0,4.0,1.0,4.0,1.0,3.0,1.0,1.0,4.0,1.0,5.0,4.0,4.0,3.0,5.0,3.0,4.0,1.0,5.0,5.0,5.0,5.0,1.0,5.0,3.0,3.0,1.0,1.0,3.0,5.0,5.0,2.0,3.0,1.0,5.0,1.0,1.0,1.0,5.0,4.0,5.0,1.0,1.0,4.0,5.0,5.0,1.0,4.0,3.0,1.0,1.0,5.0,1.0,3.0,1.0,1.0,1.0,5.0,5.0,3.0,3.0,4.0,4.0,5.0,1.0,2.0,1.0,1.0,3.0,4.0,1.0,1.0,1.0,5.0,5.0,1.0,5.0,5.0,5.0,1.0,1.0,5.0,1.0,3.0,1.0,4.0,4.0,4.0,4.0,3.0,1.0,1.0,5.0,5.0,5.0,4.0,4.0,4.0,4.0,3.0,1.0,1.0,1.0,5.0,5.0,5.0,4.0,4.0,3.0,5.0,3.0,5.0,1.0,1.0,4.0,1.0,4.0,1.0,1.0,4.0,2.0,1.0,4.0,5.0,5.0,1.0,1.0
SOR1429501,AR Örebro samt SDH V Svealand,Dator 01,P51C0001013,338.0,SOR1429501,,2.0,,2.0,Completed,41774.39947916667,2161.0,312.0,LOCAL,,0.0,,115.0,53.0,84.0,29.0,101.0,46.0,158.0,65.0,132.0,71.0,21.0,58.0,18.0,51.0,24.0,55.0,7.0,31.0,19.0,55.0,26.0,63.0,17.0,39.0,15.0,40.0,15.0,24.0,14.0,44.0,3.0,20.0,20.0,52.0,30.0,68.0,22.0,55.0,6.0,36.0,14.0,42.0,13.0,49.0,16.0,39.0,25.0,57.0,27.0,61.0,29.0,63.0,22.0,56.0,24.0,54.0,31.0,69.0,21.0,61.0,17.0,60.0,29.0,75.0,17.0,56.0,21.0,62.0,27.0,80.0,,,,,,,,,,,,,,,,,,,,,,,,,,,,,,,,,,,,,,,,,,,,,,,,,,,,,,,,,,,,,,,,,,,,,,,,,,,,,,,,,,,,,,,,,,,,,,,,,,,,,,,,,,,,,,,,,,,,,,,,,,,,,,,,,,,,,,,,,,,,,,,,,,,,,,,,,,,,,,,,,,,,,,,,,,,,,,,,,,,,,,,,,,,,,,,,,,,,,,,,,,,,,,,,,,,,,,,,,,,,,,,,,,,,,,,,,,,,,,,,,,,,5.0,4.0,3.0,3.0,4.0,3.0,3.0,2.0,3.0,4.0,1.0,2.0,4.0,1.0,4.0,2.0,3.0,5.0,5.0,3.0,4.0,1.0,3.0,2.0,1.0,5.0,5.0,1.0,5.0,3.0,4.0,1.0,2.0,5.0,1.0,1.0,4.0,4.0,1.0,3.0,4.0,4.0,1.0,5.0,2.0,3.0,4.0,2.0,3.0,3.0,4.0,1.0,3.0,3.0,5.0,2.0,3.0,5.0,2.0,2.0,4.0,5.0,3.0,2.0,3.0,3.0,2.0,4.0,3.0,4.0,1.0,1.0,4.0,1.0,2.0,2.0,3.0,4.0,5.0,4.0,1.0,1.0,4.0,1.0,2.0,5.0,3.0,1.0,5.0,3.0,5.0,1.0,3.0,4.0,3.0,3.0,5.0,3.0,1.0,4.0,4.0,3.0,2.0,5.0,5.0,4.0,2.0,2.0,2.0,5.0,4.0,1.0,3.0,4.0,5.0,2.0,3.0,3.0,1.0,4.0,1.0,5.0,3.0,1.0,4.0,2.0,4.0,4.0,5.0,5.0,5.0,2.0,5.0,3.0,3.0,4.0,4.0,5.0,3.0,5.0,3.0,3.0,2.0,1.0,2.0,3.0,4.0,1.0,5.0,3.0,5.0,4.0,2.0,4.0,5.0,3.0,5.0,5.0,2.0,3.0,5.0,5.0,4.0,4.0,5.0,1.0,3.0,2.0,3.0,4.0,4.0,1.0,1.0,3.0,4.0,1.0,3.0,3.0,5.0,4.0,2.0,5.0,1.0,4.0,2.0,3.0,2.0,1.0,1.0,2.0,4.0,2.0,4.0,5.0,3.0,4.0,2.0,3.0,3.0,3.0,3.0,4.0,4.0,3.0,5.0,2.0,1.0,1.0,5.0,5.0,3.0,5.0,2.0,4.0,3.0,3.0,3.0,5.0,1.0,2.0,5.0,5.0,4.0,5.0,1.0,3.0,3.0,4.0,2.0,1.0,2.0,1.0,3.0,1.0,1.0,1.0,4.0,3.0,5.0,4.0,5.0,1.0,1.0
SOR1429504,AR Örebro samt SDH V Svealand,Dator 01,P51C0001015,324.0,SOR1429504,,1.0,,2.0,Completed,41785.61976851852,1888.0,298.0,LOCAL,,0.0,,88.0,44.0,101.0,40.0,72.0,33.0,115.0,44.0,99.0,64.0,16.0,50.0,7.0,39.0,17.0,46.0,13.0,46.0,17.0,52.0,18.0,43.0,15.0,32.0,19.0,51.0,19.0,39.0,12.0,39.0,14.0,37.0,22.0,56.0,14.0,34.0,9.0,34.0,14.0,47.0,12.0,39.0,10.0,40.0,13.0,37.0,14.0,35.0,22.0,53.0,17.0,34.0,18.0,49.0,21.0,51.0,23.0,52.0,18.0,63.0,16.0,60.0,20.0,66.0,16.0,59.0,12.0,44.0,17.0,67.0,,,,,,,,,,,,,,,,,,,,,,,,,,,,,,,,,,,,,,,,,,,,,,,,,,,,,,,,,,,,,,,,,,,,,,,,,,,,,,,,,,,,,,,,,,,,,,,,,,,,,,,,,,,,,,,,,,,,,,,,,,,,,,,,,,,,,,,,,,,,,,,,,,,,,,,,,,,,,,,,,,,,,,,,,,,,,,,,,,,,,,,,,,,,,,,,,,,,,,,,,,,,,,,,,,,,,,,,,,,,,,,,,,,,,,,,,,,,,,,,,,,,3.0,3.0,4.0,3.0,3.0,5.0,4.0,5.0,3.0,4.0,2.0,4.0,3.0,3.0,4.0,3.0,3.0,3.0,3.0,3.0,4.0,3.0,3.0,3.0,3.0,3.0,4.0,3.0,4.0,2.0,3.0,4.0,4.0,4.0,5.0,3.0,2.0,3.0,2.0,4.0,4.0,3.0,3.0,4.0,3.0,3.0,3.0,3.0,4.0,3.0,3.0,5.0,4.0,4.0,4.0,3.0,3.0,5.0,2.0,4.0,3.0,4.0,3.0,4.0,3.0,1.0,4.0,5.0,5.0,3.0,2.0,1.0,4.0,3.0,2.0,2.0,4.0,4.0,4.0,4.0,4.0,3.0,2.0,3.0,3.0,3.0,3.0,3.0,4.0,2.0,3.0,3.0,3.0,3.0,2.0,2.0,4.0,2.0,4.0,5.0,3.0,4.0,3.0,4.0,2.0,2.0,2.0,2.0,4.0,2.0,3.0,1.0,2.0,4.0,4.0,3.0,3.0,3.0,3.0,4.0,3.0,1.0,3.0,4.0,3.0,3.0,5.0,3.0,4.0,3.0,3.0,4.0,3.0,4.0,3.0,3.0,4.0,4.0,3.0,3.0,3.0,3.0,3.0,2.0,3.0,4.0,3.0,3.0,4.0,2.0,4.0,3.0,3.0,1.0,3.0,5.0,2.0,3.0,2.0,3.0,3.0,4.0,3.0,2.0,4.0,3.0,4.0,5.0,3.0,3.0,2.0,1.0,2.0,3.0,4.0,3.0,3.0,3.0,5.0,4.0,3.0,3.0,3.0,4.0,3.0,4.0,3.0,1.0,1.0,2.0,3.0,2.0,4.0,3.0,4.0,3.0,2.0,4.0,2.0,3.0,3.0,1.0,4.0,4.0,3.0,3.0,4.0,3.0,4.0,3.0,4.0,3.0,3.0,3.0,3.0,3.0,1.0,1.0,3.0,3.0,4.0,2.0,2.0,4.0,3.0,3.0,2.0,4.0,1.0,1.0,4.0,1.0,3.0,2.0,4.0,3.0,2.0,3.0,3.0,3.0,5.0,1.0,1.0
SOR1439513,AR Örebro samt SDH V Svealand,Dator 01,P51C0001016,291.0,sor1439513,,2.0,,2.0,Completed,41891.54293981481,2342.0,269.0,LOCAL,,0.0,,112.0,51.0,109.0,43.0,93.0,42.0,132.0,48.0,113.0,63.0,24.0,64.0,21.0,56.0,17.0,40.0,17.0,52.0,10.0,38.0,23.0,55.0,15.0,34.0,16.0,42.0,25.0,50.0,16.0,49.0,17.0,42.0,20.0,52.0,20.0,44.0,15.0,43.0,7.0,38.0,12.0,37.0,10.0,44.0,29.0,63.0,12.0,26.0,24.0,54.0,25.0,51.0,22.0,56.0,29.0,65.0,20.0,39.0,20.0,59.0,13.0,52.0,25.0,68.0,23.0,68.0,15.0,48.0,17.0,62.0,,,,,,,,,,,,,,,,,,,,,,,,,,,,,,,,,,,,,,,,,,,,,,,,,,,,,,,,,,,,,,,,,,,,,,,,,,,,,,,,,,,,,,,,,,,,,,,,,,,,,,,,,,,,,,,,,,,,,,,,,,,,,,,,,,,,,,,,,,,,,,,,,,,,,,,,,,,,,,,,,,,,,,,,,,,,,,,,,,,,,,,,,,,,,,,,,,,,,,,,,,,,,,,,,,,,,,,,,,,,,,,,,,,,,,,,,,,,,,,,,,,,3.0,4.0,5.0,5.0,3.0,3.0,3.0,1.0,2.0,2.0,2.0,2.0,4.0,1.0,4.0,5.0,4.0,2.0,4.0,2.0,4.0,3.0,2.0,1.0,3.0,3.0,2.0,3.0,4.0,2.0,3.0,2.0,2.0,3.0,3.0,3.0,2.0,5.0,1.0,3.0,5.0,3.0,3.0,4.0,2.0,2.0,3.0,3.0,1.0,2.0,3.0,4.0,5.0,3.0,2.0,3.0,5.0,3.0,2.0,3.0,3.0,3.0,5.0,5.0,3.0,1.0,3.0,3.0,3.0,3.0,2.0,1.0,4.0,1.0,5.0,4.0,4.0,3.0,3.0,2.0,3.0,3.0,3.0,1.0,3.0,3.0,2.0,2.0,2.0,2.0,3.0,1.0,2.0,3.0,4.0,2.0,3.0,3.0,2.0,3.0,3.0,5.0,3.0,4.0,1.0,1.0,3.0,2.0,2.0,3.0,3.0,5.0,5.0,4.0,3.0,2.0,5.0,5.0,2.0,3.0,1.0,3.0,4.0,2.0,2.0,2.0,2.0,4.0,5.0,3.0,5.0,3.0,3.0,1.0,4.0,5.0,3.0,3.0,3.0,2.0,3.0,3.0,3.0,1.0,3.0,3.0,2.0,1.0,3.0,2.0,5.0,2.0,3.0,2.0,2.0,5.0,2.0,5.0,1.0,2.0,5.0,4.0,4.0,4.0,3.0,3.0,2.0,4.0,1.0,3.0,3.0,1.0,4.0,5.0,3.0,3.0,5.0,3.0,5.0,3.0,3.0,4.0,2.0,3.0,3.0,4.0,2.0,3.0,1.0,3.0,3.0,2.0,3.0,3.0,4.0,3.0,2.0,3.0,3.0,2.0,3.0,3.0,3.0,5.0,3.0,3.0,1.0,1.0,3.0,4.0,3.0,3.0,3.0,3.0,3.0,3.0,2.0,3.0,3.0,3.0,4.0,5.0,3.0,3.0,4.0,2.0,3.0,3.0,3.0,2.0,3.0,2.0,3.0,1.0,3.0,3.0,5.0,3.0,3.0,3.0,5.0,1.0,1.0
SOR1449001,AR Örebro samt SDH V Svealand,Dator 01,P51C0001017,591.0,SOR 1449001,,2.0,,2.0,Completed,41927.47232638889,1293.0,570.0,LOCAL,,0.0,,112.0,51.0,81.0,27.0,91.0,41.0,140.0,53.0,96.0,56.0,24.0,64.0,17.0,50.0,25.0,57.0,10.0,37.0,11.0,40.0,25.0,60.0,19.0,44.0,9.0,26.0,23.0,45.0,8.0,30.0,13.0,34.0,9.0,30.0,21.0,46.0,9.0,32.0,11.0,45.0,15.0,44.0,8.0,40.0,27.0,59.0,22.0,50.0,25.0,56.0,23.0,45.0,18.0,47.0,25.0,56.0,27.0,58.0,12.0,46.0,11.0,48.0,12.0,46.0,22.0,66.0,22.0,64.0,17.0,62.0,,,,,,,,,,,,,,,,,,,,,,,,,,,,,,,,,,,,,,,,,,,,,,,,,,,,,,,,,,,,,,,,,,,,,,,,,,,,,,,,,,,,,,,,,,,,,,,,,,,,,,,,,,,,,,,,,,,,,,,,,,,,,,,,,,,,,,,,,,,,,,,,,,,,,,,,,,,,,,,,,,,,,,,,,,,,,,,,,,,,,,,,,,,,,,,,,,,,,,,,,,,,,,,,,,,,,,,,,,,,,,,,,,,,,,,,,,,,,,,,,,,,4.0,3.0,5.0,3.0,4.0,2.0,4.0,1.0,5.0,5.0,4.0,2.0,3.0,3.0,4.0,3.0,5.0,2.0,5.0,4.0,3.0,2.0,1.0,1.0,2.0,3.0,1.0,1.0,5.0,4.0,3.0,3.0,2.0,4.0,2.0,3.0,2.0,4.0,2.0,2.0,3.0,4.0,3.0,4.0,2.0,2.0,4.0,3.0,2.0,2.0,4.0,5.0,3.0,3.0,3.0,3.0,4.0,5.0,1.0,2.0,3.0,5.0,5.0,3.0,2.0,2.0,4.0,5.0,4.0,4.0,4.0,2.0,5.0,2.0,5.0,2.0,2.0,4.0,2.0,5.0,2.0,1.0,3.0,1.0,4.0,5.0,2.0,1.0,4.0,5.0,2.0,2.0,2.0,4.0,3.0,4.0,4.0,5.0,2.0,3.0,2.0,4.0,2.0,5.0,3.0,1.0,3.0,1.0,3.0,3.0,5.0,4.0,5.0,5.0,3.0,3.0,5.0,3.0,4.0,2.0,4.0,3.0,3.0,2.0,3.0,1.0,3.0,4.0,5.0,4.0,3.0,3.0,4.0,3.0,4.0,4.0,2.0,5.0,3.0,5.0,2.0,4.0,3.0,3.0,3.0,2.0,2.0,3.0,5.0,5.0,2.0,4.0,2.0,4.0,3.0,3.0,1.0,3.0,2.0,2.0,3.0,3.0,2.0,4.0,3.0,2.0,2.0,4.0,3.0,4.0,4.0,1.0,3.0,3.0,4.0,3.0,4.0,3.0,5.0,3.0,2.0,4.0,3.0,3.0,4.0,4.0,4.0,4.0,2.0,4.0,3.0,3.0,5.0,5.0,4.0,4.0,3.0,5.0,3.0,1.0,3.0,4.0,2.0,4.0,4.0,3.0,2.0,1.0,4.0,4.0,2.0,3.0,2.0,5.0,4.0,2.0,1.0,1.0,3.0,3.0,2.0,4.0,5.0,3.0,4.0,4.0,2.0,4.0,3.0,2.0,3.0,1.0,3.0,1.0,2.0,3.0,5.0,2.0,5.0,2.0,5.0,1.0,1.0
SOR1449002,AR Örebro samt SDH V Svealand,Dator 01,P51C0001018,432.0,SOR 1449002,,2.0,,2.0,Completed,41933.56738425926,2860.0,411.0,LOCAL,,0.0,,73.0,33.0,91.0,33.0,64.0,28.0,115.0,38.0,123.0,67.0,14.0,45.0,13.0,44.0,18.0,42.0,4.0,25.0,5.0,29.0,19.0,43.0,17.0,39.0,16.0,42.0,22.0,42.0,15.0,47.0,10.0,28.0,11.0,34.0,14.0,30.0,12.0,37.0,3.0,30.0,10.0,32.0,10.0,44.0,15.0,37.0,12.0,26.0,22.0,50.0,20.0,36.0,20.0,51.0,20.0,44.0,21.0,41.0,23.0,64.0,14.0,54.0,25.0,68.0,24.0,70.0,12.0,42.0,25.0,80.0,,,,,,,,,,,,,,,,,,,,,,,,,,,,,,,,,,,,,,,,,,,,,,,,,,,,,,,,,,,,,,,,,,,,,,,,,,,,,,,,,,,,,,,,,,,,,,,,,,,,,,,,,,,,,,,,,,,,,,,,,,,,,,,,,,,,,,,,,,,,,,,,,,,,,,,,,,,,,,,,,,,,,,,,,,,,,,,,,,,,,,,,,,,,,,,,,,,,,,,,,,,,,,,,,,,,,,,,,,,,,,,,,,,,,,,,,,,,,,,,,,,,2.0,3.0,2.0,4.0,4.0,2.0,5.0,3.0,3.0,5.0,2.0,2.0,3.0,4.0,3.0,5.0,4.0,3.0,4.0,4.0,5.0,2.0,1.0,4.0,2.0,4.0,2.0,3.0,4.0,2.0,4.0,4.0,4.0,4.0,4.0,2.0,1.0,4.0,3.0,4.0,4.0,4.0,2.0,3.0,3.0,3.0,3.0,2.0,3.0,2.0,4.0,4.0,5.0,4.0,5.0,2.0,2.0,3.0,1.0,2.0,1.0,4.0,2.0,4.0,3.0,3.0,2.0,3.0,5.0,4.0,1.0,1.0,4.0,3.0,2.0,5.0,5.0,5.0,3.0,4.0,3.0,1.0,1.0,3.0,4.0,5.0,3.0,2.0,3.0,5.0,5.0,3.0,3.0,3.0,4.0,4.0,4.0,2.0,4.0,5.0,5.0,5.0,4.0,4.0,2.0,1.0,3.0,1.0,3.0,4.0,2.0,1.0,4.0,3.0,4.0,2.0,3.0,3.0,3.0,2.0,2.0,1.0,1.0,3.0,4.0,3.0,4.0,2.0,5.0,3.0,4.0,1.0,4.0,1.0,4.0,3.0,4.0,5.0,2.0,4.0,4.0,3.0,2.0,3.0,3.0,5.0,3.0,2.0,3.0,4.0,4.0,1.0,2.0,1.0,3.0,4.0,3.0,2.0,2.0,4.0,4.0,5.0,3.0,4.0,4.0,3.0,2.0,2.0,2.0,4.0,1.0,1.0,4.0,4.0,4.0,1.0,3.0,3.0,4.0,3.0,4.0,5.0,1.0,3.0,3.0,4.0,3.0,1.0,2.0,4.0,3.0,1.0,3.0,4.0,5.0,5.0,3.0,5.0,2.0,5.0,4.0,3.0,2.0,5.0,4.0,3.0,4.0,2.0,4.0,3.0,3.0,3.0,3.0,2.0,4.0,2.0,2.0,2.0,2.0,3.0,4.0,4.0,3.0,3.0,5.0,3.0,2.0,5.0,1.0,2.0,3.0,1.0,2.0,2.0,2.0,3.0,3.0,3.0,3.0,2.0,4.0,1.0,1.0
SOR1519004,AR Örebro samt SDH V Svealand,Dator 01,P51C0001019,293.0,SOR1519004,,1.0,,2.0,Completed,42025.52924768518,1179.0,275.0,LOCAL,,0.0,,92.0,46.0,97.0,38.0,102.0,48.0,116.0,45.0,105.0,67.0,16.0,50.0,15.0,52.0,13.0,37.0,16.0,52.0,9.0,39.0,23.0,56.0,15.0,32.0,19.0,51.0,17.0,34.0,17.0,50.0,14.0,37.0,15.0,41.0,19.0,46.0,22.0,58.0,8.0,36.0,13.0,41.0,21.0,61.0,19.0,48.0,13.0,32.0,18.0,45.0,24.0,54.0,19.0,52.0,24.0,58.0,18.0,39.0,13.0,53.0,17.0,62.0,19.0,64.0,17.0,61.0,21.0,67.0,18.0,69.0,,,,,,,,,,,,,,,,,,,,,,,,,,,,,,,,,,,,,,,,,,,,,,,,,,,,,,,,,,,,,,,,,,,,,,,,,,,,,,,,,,,,,,,,,,,,,,,,,,,,,,,,,,,,,,,,,,,,,,,,,,,,,,,,,,,,,,,,,,,,,,,,,,,,,,,,,,,,,,,,,,,,,,,,,,,,,,,,,,,,,,,,,,,,,,,,,,,,,,,,,,,,,,,,,,,,,,,,,,,,,,,,,,,,,,,,,,,,,,,,,,,,4.0,4.0,3.0,3.0,3.0,2.0,1.0,2.0,2.0,1.0,3.0,1.0,2.0,1.0,4.0,3.0,4.0,1.0,3.0,4.0,2.0,1.0,2.0,1.0,2.0,3.0,4.0,3.0,4.0,4.0,3.0,4.0,2.0,4.0,4.0,2.0,2.0,4.0,1.0,3.0,4.0,3.0,3.0,4.0,4.0,3.0,4.0,2.0,3.0,4.0,4.0,1.0,4.0,4.0,4.0,3.0,4.0,3.0,2.0,3.0,4.0,4.0,2.0,2.0,2.0,3.0,2.0,3.0,2.0,3.0,3.0,2.0,3.0,2.0,3.0,4.0,3.0,3.0,3.0,3.0,2.0,4.0,1.0,2.0,2.0,3.0,2.0,1.0,3.0,4.0,2.0,2.0,1.0,2.0,3.0,3.0,3.0,1.0,3.0,3.0,4.0,4.0,3.0,4.0,4.0,3.0,2.0,2.0,2.0,4.0,3.0,1.0,3.0,3.0,2.0,3.0,3.0,4.0,4.0,2.0,4.0,3.0,1.0,3.0,4.0,3.0,1.0,1.0,4.0,2.0,4.0,2.0,4.0,1.0,3.0,3.0,3.0,4.0,3.0,3.0,3.0,4.0,1.0,2.0,3.0,4.0,2.0,3.0,3.0,2.0,3.0,4.0,2.0,1.0,3.0,2.0,3.0,4.0,2.0,3.0,2.0,4.0,4.0,3.0,2.0,3.0,2.0,3.0,3.0,2.0,4.0,3.0,4.0,4.0,3.0,3.0,4.0,4.0,4.0,3.0,3.0,3.0,4.0,2.0,3.0,3.0,2.0,1.0,2.0,3.0,4.0,2.0,2.0,4.0,4.0,4.0,2.0,3.0,2.0,3.0,4.0,4.0,3.0,3.0,3.0,3.0,3.0,1.0,2.0,4.0,4.0,3.0,3.0,2.0,3.0,3.0,4.0,1.0,4.0,3.0,3.0,4.0,2.0,3.0,5.0,2.0,3.0,2.0,2.0,4.0,3.0,3.0,3.0,1.0,3.0,2.0,3.0,2.0,4.0,3.0,5.0,1.0,1.0
SOR1519021,AR Örebro samt SDH V Svealand,Dator 01,P51C0001020,279.0,SOR1519021,,1.0,,2.0,Completed,42044.549212962964,1835.0,262.0,LOCAL,,0.0,,81.0,41.0,90.4,35.0,81.0,38.0,102.0,37.0,100.0,64.0,19.0,56.0,10.0,44.0,13.0,37.0,10.0,39.0,13.0,45.0,16.0,37.0,13.0,26.0,15.0,42.0,19.4,41.0,13.0,42.0,15.0,39.0,15.0,41.0,17.0,41.0,13.0,41.0,8.0,36.0,8.0,29.0,14.0,47.0,21.0,52.0,14.0,35.0,11.0,31.0,22.9,51.0,17.0,47.0,20.0,49.0,17.0,37.0,14.0,55.0,12.0,51.0,17.0,60.0,17.0,61.0,21.0,67.0,19.0,72.0,,,,,,,,,,,,,,,,,,,,,,,,,,,,,,,,,,,,,,,,,,,,,,,,,,,,,,,,,,,,,,,,,,,,,,,,,,,,,,,,,,,,,,,,,,,,,,,,,,,,,,,,,,,,,,,,,,,,,,,,,,,,,,,,,,,,,,,,,,,,,,,,,,,,,,,,,,,,,,,,,,,,,,,,,,,,,,,,,,,,,,,,,,,,,,,,,,,,,,,,,,,,,,,,,,,,,,,,,,,,,,,,,,,,,,,,,,,,,,,,,,,,3.0,2.0,5.0,3.0,2.0,2.0,3.0,5.0,2.0,4.0,4.0,3.0,2.0,,4.0,3.0,4.0,5.0,4.0,5.0,2.0,2.0,4.0,2.0,3.0,2.0,2.0,4.0,5.0,5.0,2.0,4.0,5.0,2.0,4.0,3.0,1.0,4.0,5.0,3.0,2.0,4.0,4.0,5.0,4.0,2.0,2.0,3.0,4.0,3.0,5.0,2.0,4.0,4.0,5.0,3.0,4.0,2.0,3.0,3.0,3.0,4.0,5.0,4.0,2.0,1.0,4.0,5.0,3.0,2.0,4.0,2.0,4.0,3.0,,1.0,4.0,3.0,4.0,4.0,5.0,2.0,1.0,4.0,3.0,4.0,2.0,1.0,3.0,4.0,3.0,3.0,2.0,4.0,4.0,4.0,5.0,1.0,5.0,4.0,3.0,5.0,5.0,4.0,3.0,5.0,3.0,4.0,3.0,2.0,5.0,1.0,4.0,4.0,4.0,2.0,4.0,3.0,5.0,5.0,5.0,3.0,5.0,4.0,3.0,2.0,4.0,1.0,5.0,4.0,3.0,2.0,4.0,2.0,4.0,4.0,5.0,5.0,4.0,2.0,4.0,3.0,4.0,3.0,4.0,5.0,2.0,3.0,4.0,4.0,4.0,4.0,5.0,3.0,2.0,4.0,4.0,4.0,4.0,3.0,4.0,4.0,3.0,4.0,3.0,2.0,3.0,2.0,4.0,3.0,5.0,1.0,4.0,4.0,2.0,3.0,3.0,4.0,3.0,2.0,4.0,5.0,2.0,3.0,3.0,4.0,4.0,1.0,4.0,4.0,5.0,2.0,3.0,3.0,4.0,4.0,2.0,4.0,2.0,4.0,5.0,3.0,4.0,3.0,4.0,2.0,5.0,4.0,3.0,4.0,4.0,2.0,4.0,3.0,3.0,4.0,2.0,1.0,3.0,3.0,4.0,4.0,2.0,4.0,4.0,4.0,1.0,4.0,4.0,2.0,4.0,2.0,2.0,2.0,4.0,4.0,5.0,3.0,3.0,4.0,5.0,2.0,1.0
SOR1519013,AR Örebro samt SDH V Svealand,Dator 01,P51C0001021,328.0,SOR1519013,,2.0,,2.0,Completed,42055.50475694444,2536.0,311.0,LOCAL,,0.0,,84.0,38.0,102.0,39.0,82.0,37.0,110.0,35.0,130.0,70.0,15.0,47.0,12.0,42.0,16.0,38.0,12.0,41.0,11.0,40.0,18.0,40.0,12.0,26.0,21.0,53.0,22.0,42.0,16.0,49.0,12.0,32.0,19.0,50.0,15.0,32.0,11.0,35.0,13.0,49.0,16.0,47.0,14.0,51.0,13.0,33.0,11.0,24.0,22.0,50.0,17.0,27.0,16.0,43.0,27.0,61.0,17.0,30.0,20.0,59.0,20.0,67.0,26.0,70.0,23.0,68.0,20.0,59.0,21.0,71.0,,,,,,,,,,,,,,,,,,,,,,,,,,,,,,,,,,,,,,,,,,,,,,,,,,,,,,,,,,,,,,,,,,,,,,,,,,,,,,,,,,,,,,,,,,,,,,,,,,,,,,,,,,,,,,,,,,,,,,,,,,,,,,,,,,,,,,,,,,,,,,,,,,,,,,,,,,,,,,,,,,,,,,,,,,,,,,,,,,,,,,,,,,,,,,,,,,,,,,,,,,,,,,,,,,,,,,,,,,,,,,,,,,,,,,,,,,,,,,,,,,,,2.0,4.0,2.0,3.0,2.0,4.0,4.0,4.0,4.0,3.0,2.0,3.0,1.0,3.0,5.0,5.0,3.0,3.0,4.0,3.0,3.0,3.0,1.0,1.0,3.0,2.0,3.0,3.0,3.0,3.0,3.0,3.0,3.0,3.0,3.0,3.0,2.0,4.0,2.0,5.0,5.0,3.0,4.0,5.0,2.0,3.0,3.0,1.0,3.0,3.0,3.0,2.0,4.0,4.0,3.0,2.0,2.0,3.0,2.0,3.0,2.0,3.0,2.0,5.0,3.0,4.0,5.0,5.0,3.0,3.0,2.0,2.0,5.0,5.0,5.0,5.0,3.0,3.0,3.0,4.0,3.0,3.0,3.0,1.0,3.0,5.0,3.0,3.0,3.0,3.0,5.0,4.0,3.0,2.0,4.0,3.0,4.0,2.0,3.0,5.0,5.0,5.0,3.0,4.0,3.0,2.0,3.0,3.0,3.0,4.0,5.0,4.0,4.0,4.0,4.0,3.0,3.0,3.0,5.0,4.0,5.0,3.0,4.0,3.0,2.0,3.0,4.0,3.0,4.0,3.0,4.0,4.0,4.0,3.0,3.0,4.0,4.0,3.0,2.0,3.0,3.0,3.0,3.0,2.0,3.0,4.0,3.0,3.0,3.0,3.0,4.0,2.0,3.0,2.0,4.0,2.0,2.0,3.0,2.0,3.0,4.0,4.0,3.0,2.0,3.0,3.0,4.0,3.0,3.0,3.0,4.0,3.0,3.0,4.0,4.0,2.0,2.0,3.0,5.0,3.0,2.0,3.0,3.0,2.0,3.0,4.0,2.0,3.0,2.0,2.0,4.0,3.0,3.0,4.0,3.0,4.0,3.0,4.0,3.0,3.0,4.0,2.0,3.0,5.0,4.0,2.0,4.0,1.0,3.0,4.0,3.0,3.0,3.0,3.0,3.0,3.0,2.0,2.0,2.0,3.0,4.0,3.0,3.0,3.0,4.0,3.0,3.0,4.0,3.0,3.0,3.0,2.0,2.0,2.0,2.0,3.0,3.0,3.0,3.0,4.0,4.0,1.0,1.0
SOR1519016,AR Örebro samt SDH V Svealand,Dator 01,P51C0001022,582.0,SOR1519016,,1.0,,2.0,Completed,42067.4609375,1879.0,566.0,LOCAL,,0.0,,68.0,35.0,106.0,43.0,90.0,42.0,142.0,60.0,140.0,80.0,12.0,42.0,6.0,37.0,18.0,48.0,6.0,30.0,10.0,40.0,16.0,37.0,19.0,43.0,23.0,60.0,26.0,55.0,13.0,42.0,12.0,33.0,13.0,37.0,24.0,58.0,17.0,49.0,12.0,43.0,17.0,51.0,9.0,38.0,11.0,33.0,18.0,44.0,28.0,65.0,26.0,59.0,21.0,57.0,20.0,49.0,29.0,68.0,30.0,80.0,17.0,62.0,26.0,79.0,25.0,80.0,20.0,64.0,22.0,79.0,,,,,,,,,,,,,,,,,,,,,,,,,,,,,,,,,,,,,,,,,,,,,,,,,,,,,,,,,,,,,,,,,,,,,,,,,,,,,,,,,,,,,,,,,,,,,,,,,,,,,,,,,,,,,,,,,,,,,,,,,,,,,,,,,,,,,,,,,,,,,,,,,,,,,,,,,,,,,,,,,,,,,,,,,,,,,,,,,,,,,,,,,,,,,,,,,,,,,,,,,,,,,,,,,,,,,,,,,,,,,,,,,,,,,,,,,,,,,,,,,,,,1.0,4.0,4.0,4.0,4.0,3.0,4.0,3.0,5.0,2.0,2.0,2.0,2.0,2.0,5.0,5.0,2.0,4.0,5.0,3.0,2.0,2.0,3.0,3.0,2.0,4.0,2.0,4.0,5.0,4.0,4.0,2.0,4.0,4.0,1.0,4.0,3.0,2.0,1.0,5.0,5.0,5.0,3.0,4.0,2.0,2.0,4.0,1.0,2.0,2.0,2.0,5.0,3.0,3.0,3.0,3.0,2.0,3.0,1.0,3.0,1.0,4.0,2.0,3.0,4.0,4.0,3.0,5.0,2.0,3.0,1.0,2.0,4.0,1.0,5.0,5.0,2.0,4.0,4.0,4.0,2.0,4.0,2.0,2.0,3.0,5.0,5.0,3.0,5.0,5.0,5.0,2.0,3.0,4.0,3.0,4.0,4.0,2.0,1.0,5.0,5.0,3.0,2.0,4.0,3.0,3.0,2.0,2.0,1.0,2.0,5.0,5.0,4.0,4.0,4.0,2.0,2.0,4.0,1.0,2.0,1.0,4.0,2.0,5.0,4.0,2.0,3.0,5.0,5.0,2.0,3.0,4.0,4.0,2.0,5.0,5.0,4.0,5.0,2.0,4.0,3.0,3.0,2.0,4.0,4.0,4.0,4.0,3.0,5.0,2.0,5.0,4.0,3.0,5.0,4.0,2.0,2.0,3.0,1.0,4.0,4.0,4.0,3.0,4.0,2.0,2.0,4.0,2.0,4.0,4.0,2.0,1.0,3.0,3.0,4.0,2.0,3.0,3.0,4.0,3.0,2.0,5.0,4.0,5.0,2.0,4.0,2.0,1.0,1.0,2.0,4.0,4.0,2.0,4.0,5.0,4.0,3.0,4.0,3.0,4.0,4.0,2.0,2.0,4.0,4.0,4.0,4.0,2.0,4.0,4.0,5.0,3.0,4.0,2.0,3.0,4.0,4.0,1.0,2.0,4.0,4.0,4.0,4.0,5.0,5.0,3.0,2.0,4.0,2.0,2.0,2.0,3.0,1.0,1.0,2.0,2.0,3.0,4.0,4.0,2.0,5.0,1.0,1.0
SOR1519026,AR Örebro samt SDH V Svealand,Dator 01,P51C0001023,294.0,SOR1519026,,1.0,,2.0,Completed,42103.41342592592,3139.0,279.0,LOCAL,,0.0,,82.0,41.0,120.0,50.0,95.0,45.0,115.0,44.0,73.0,50.0,12.0,42.0,13.0,49.0,14.0,39.0,15.0,50.0,10.0,40.0,18.0,43.0,19.0,43.0,21.0,56.0,23.0,48.0,16.0,48.0,22.0,54.0,19.0,49.0,17.0,41.0,13.0,41.0,12.0,43.0,16.0,48.0,18.0,55.0,19.0,48.0,20.0,49.0,19.0,47.0,21.0,45.0,17.0,47.0,21.0,51.0,17.0,37.0,13.0,53.0,12.0,51.0,11.0,48.0,12.0,49.0,12.0,44.0,13.0,57.0,,,,,,,,,,,,,,,,,,,,,,,,,,,,,,,,,,,,,,,,,,,,,,,,,,,,,,,,,,,,,,,,,,,,,,,,,,,,,,,,,,,,,,,,,,,,,,,,,,,,,,,,,,,,,,,,,,,,,,,,,,,,,,,,,,,,,,,,,,,,,,,,,,,,,,,,,,,,,,,,,,,,,,,,,,,,,,,,,,,,,,,,,,,,,,,,,,,,,,,,,,,,,,,,,,,,,,,,,,,,,,,,,,,,,,,,,,,,,,,,,,,,2.0,4.0,2.0,2.0,4.0,2.0,4.0,1.0,3.0,3.0,4.0,3.0,3.0,2.0,4.0,3.0,4.0,3.0,4.0,4.0,4.0,3.0,1.0,2.0,4.0,2.0,3.0,3.0,3.0,2.0,2.0,4.0,4.0,4.0,4.0,4.0,2.0,2.0,2.0,4.0,1.0,3.0,4.0,4.0,2.0,3.0,3.0,3.0,3.0,2.0,2.0,3.0,4.0,4.0,2.0,4.0,3.0,3.0,3.0,4.0,4.0,4.0,2.0,2.0,4.0,3.0,4.0,5.0,2.0,2.0,4.0,2.0,4.0,3.0,5.0,2.0,3.0,4.0,3.0,3.0,3.0,4.0,2.0,2.0,4.0,2.0,2.0,2.0,4.0,3.0,3.0,3.0,3.0,4.0,3.0,3.0,4.0,3.0,3.0,4.0,2.0,4.0,3.0,4.0,3.0,3.0,3.0,4.0,3.0,4.0,3.0,2.0,3.0,3.0,2.0,3.0,3.0,3.0,3.0,3.0,4.0,3.0,2.0,3.0,3.0,2.0,4.0,4.0,4.0,2.0,3.0,3.0,2.0,2.0,4.0,3.0,3.0,4.0,3.0,3.0,3.0,4.0,2.0,2.0,4.0,3.0,3.0,3.0,2.0,3.0,3.0,3.0,3.0,3.0,2.0,4.0,3.0,3.0,2.0,3.0,3.0,4.0,3.0,4.0,3.0,4.0,3.0,4.0,3.0,4.0,2.0,2.0,3.0,4.0,3.0,3.0,4.0,4.0,4.0,3.0,3.0,3.0,3.0,3.0,3.0,3.0,2.0,3.0,2.0,3.0,4.0,2.0,3.0,3.0,4.0,2.0,3.0,3.0,3.0,3.0,3.0,3.0,3.0,3.0,2.0,3.0,3.0,3.0,3.0,4.0,2.0,3.0,3.0,3.0,4.0,3.0,2.0,2.0,3.0,2.0,2.0,3.0,2.0,3.0,4.0,2.0,4.0,4.0,3.0,3.0,4.0,3.0,2.0,3.0,3.0,3.0,4.0,3.0,3.0,3.0,3.0,2.0,1.0
SOR1529030,AR Örebro samt SDH V Svealand,Dator 01,P51C0001024,298.0,SOR1529030,,1.0,,2.0,Completed,42121.53525462963,1770.0,283.0,LOCAL,,0.0,,81.0,41.0,70.0,24.0,77.0,36.0,107.0,40.0,116.0,72.0,21.0,60.0,8.0,41.0,16.0,44.0,8.0,35.0,10.0,40.0,18.0,43.0,12.0,24.0,14.0,40.0,14.0,27.0,10.0,35.0,12.0,33.0,8.0,26.0,13.0,32.0,13.0,41.0,9.0,37.0,12.0,39.0,14.0,47.0,16.0,42.0,17.0,42.0,18.0,45.0,16.0,31.0,14.0,39.0,24.0,58.0,18.0,39.0,19.0,65.0,17.0,62.0,19.0,64.0,16.0,59.0,25.0,77.0,20.0,74.0,,,,,,,,,,,,,,,,,,,,,,,,,,,,,,,,,,,,,,,,,,,,,,,,,,,,,,,,,,,,,,,,,,,,,,,,,,,,,,,,,,,,,,,,,,,,,,,,,,,,,,,,,,,,,,,,,,,,,,,,,,,,,,,,,,,,,,,,,,,,,,,,,,,,,,,,,,,,,,,,,,,,,,,,,,,,,,,,,,,,,,,,,,,,,,,,,,,,,,,,,,,,,,,,,,,,,,,,,,,,,,,,,,,,,,,,,,,,,,,,,,,,3.0,3.0,3.0,3.0,2.0,3.0,3.0,4.0,3.0,4.0,2.0,3.0,4.0,4.0,3.0,4.0,4.0,4.0,3.0,4.0,3.0,2.0,2.0,3.0,2.0,4.0,5.0,3.0,3.0,5.0,4.0,4.0,3.0,4.0,5.0,3.0,2.0,3.0,3.0,2.0,4.0,3.0,3.0,3.0,4.0,2.0,3.0,2.0,4.0,3.0,4.0,2.0,4.0,4.0,4.0,3.0,4.0,2.0,2.0,2.0,3.0,4.0,3.0,4.0,2.0,3.0,4.0,5.0,2.0,3.0,2.0,1.0,3.0,3.0,2.0,5.0,4.0,4.0,4.0,4.0,1.0,4.0,2.0,2.0,3.0,3.0,3.0,3.0,3.0,4.0,2.0,3.0,2.0,4.0,3.0,3.0,4.0,1.0,4.0,4.0,2.0,4.0,3.0,3.0,5.0,3.0,2.0,2.0,1.0,3.0,5.0,5.0,4.0,4.0,4.0,3.0,3.0,4.0,3.0,3.0,3.0,1.0,4.0,2.0,3.0,3.0,4.0,1.0,3.0,3.0,2.0,2.0,3.0,3.0,3.0,3.0,4.0,4.0,1.0,4.0,1.0,3.0,2.0,2.0,4.0,5.0,3.0,3.0,4.0,4.0,4.0,2.0,2.0,2.0,3.0,2.0,2.0,2.0,2.0,3.0,3.0,4.0,3.0,4.0,3.0,4.0,3.0,2.0,4.0,3.0,4.0,4.0,4.0,4.0,4.0,3.0,4.0,3.0,4.0,2.0,2.0,4.0,1.0,3.0,3.0,4.0,3.0,1.0,1.0,3.0,4.0,2.0,3.0,4.0,4.0,2.0,3.0,4.0,4.0,2.0,4.0,2.0,3.0,4.0,4.0,2.0,4.0,1.0,2.0,2.0,4.0,2.0,3.0,3.0,3.0,2.0,3.0,1.0,2.0,4.0,4.0,4.0,2.0,2.0,4.0,1.0,3.0,4.0,3.0,1.0,3.0,2.0,3.0,1.0,3.0,3.0,4.0,3.0,3.0,2.0,5.0,1.0,1.0
SOR1529033,AR Örebro samt SDH V Svealand,Dator 01,P51C0001025,297.0,SOR1529033,,2.0,,2.0,Completed,42143.54615740741,2184.0,283.0,LOCAL,,0.0,,67.0,30.0,97.0,36.0,101.0,46.0,137.0,52.0,121.0,66.0,10.0,37.0,11.0,41.0,17.0,40.0,3.0,23.0,7.0,33.0,19.0,43.0,12.0,26.0,24.0,60.0,23.0,45.0,6.0,25.0,11.0,30.0,21.0,54.0,26.0,58.0,28.0,66.0,11.0,45.0,9.0,29.0,15.0,52.0,12.0,31.0,10.0,22.0,27.0,61.0,31.0,69.0,22.0,56.0,27.0,61.0,20.0,39.0,27.0,70.0,12.0,50.0,19.0,58.0,19.0,60.0,23.0,66.0,21.0,71.0,,,,,,,,,,,,,,,,,,,,,,,,,,,,,,,,,,,,,,,,,,,,,,,,,,,,,,,,,,,,,,,,,,,,,,,,,,,,,,,,,,,,,,,,,,,,,,,,,,,,,,,,,,,,,,,,,,,,,,,,,,,,,,,,,,,,,,,,,,,,,,,,,,,,,,,,,,,,,,,,,,,,,,,,,,,,,,,,,,,,,,,,,,,,,,,,,,,,,,,,,,,,,,,,,,,,,,,,,,,,,,,,,,,,,,,,,,,,,,,,,,,,1.0,4.0,1.0,2.0,3.0,2.0,1.0,5.0,5.0,1.0,2.0,1.0,3.0,1.0,3.0,3.0,3.0,4.0,5.0,4.0,4.0,1.0,1.0,2.0,4.0,2.0,5.0,3.0,4.0,1.0,5.0,5.0,1.0,3.0,4.0,5.0,5.0,4.0,1.0,3.0,5.0,3.0,2.0,5.0,1.0,3.0,3.0,2.0,1.0,1.0,4.0,4.0,5.0,3.0,5.0,4.0,2.0,1.0,1.0,5.0,2.0,5.0,1.0,3.0,3.0,1.0,1.0,5.0,4.0,4.0,3.0,1.0,4.0,1.0,5.0,1.0,5.0,5.0,3.0,4.0,1.0,2.0,3.0,1.0,3.0,5.0,3.0,1.0,4.0,4.0,3.0,1.0,4.0,3.0,4.0,1.0,5.0,1.0,1.0,5.0,1.0,5.0,4.0,5.0,4.0,1.0,1.0,2.0,3.0,1.0,5.0,1.0,4.0,5.0,3.0,1.0,1.0,3.0,5.0,3.0,1.0,4.0,1.0,5.0,3.0,4.0,1.0,1.0,4.0,3.0,4.0,5.0,3.0,1.0,3.0,5.0,5.0,5.0,1.0,4.0,3.0,5.0,1.0,2.0,1.0,5.0,3.0,2.0,4.0,4.0,4.0,5.0,1.0,1.0,4.0,4.0,5.0,5.0,1.0,5.0,3.0,1.0,3.0,5.0,3.0,3.0,4.0,1.0,1.0,3.0,5.0,4.0,4.0,4.0,5.0,1.0,3.0,2.0,4.0,3.0,2.0,5.0,5.0,2.0,3.0,2.0,5.0,1.0,1.0,1.0,2.0,1.0,2.0,5.0,5.0,5.0,2.0,5.0,1.0,2.0,4.0,3.0,3.0,5.0,5.0,3.0,2.0,1.0,3.0,5.0,5.0,5.0,4.0,1.0,2.0,3.0,5.0,1.0,4.0,2.0,5.0,4.0,4.0,4.0,5.0,2.0,2.0,5.0,3.0,1.0,3.0,1.0,2.0,1.0,5.0,4.0,3.0,2.0,3.0,4.0,5.0,1.0,1.0
SOR1529038,AR Örebro samt SDH V Svealand,Dator 01,P51C0001026,275.0,SOR1529038,,2.0,,2.0,Completed,42153.46576388889,2513.0,261.0,LOCAL,,0.0,,94.0,43.0,114.0,45.0,65.0,29.0,134.0,50.0,120.0,66.0,13.0,43.0,12.0,42.0,23.0,53.0,10.0,37.0,14.0,46.0,22.0,52.0,20.0,47.0,21.0,53.0,20.0,37.0,15.0,47.0,15.0,38.0,23.0,57.0,11.0,22.0,11.0,35.0,9.0,41.0,11.0,34.0,10.0,44.0,13.0,33.0,17.0,38.0,23.0,52.0,24.0,48.0,19.0,49.0,21.0,47.0,30.0,66.0,20.0,59.0,20.0,67.0,20.0,59.0,26.0,74.0,14.0,46.0,20.0,68.0,,,,,,,,,,,,,,,,,,,,,,,,,,,,,,,,,,,,,,,,,,,,,,,,,,,,,,,,,,,,,,,,,,,,,,,,,,,,,,,,,,,,,,,,,,,,,,,,,,,,,,,,,,,,,,,,,,,,,,,,,,,,,,,,,,,,,,,,,,,,,,,,,,,,,,,,,,,,,,,,,,,,,,,,,,,,,,,,,,,,,,,,,,,,,,,,,,,,,,,,,,,,,,,,,,,,,,,,,,,,,,,,,,,,,,,,,,,,,,,,,,,,2.0,3.0,2.0,3.0,4.0,3.0,4.0,2.0,3.0,3.0,4.0,2.0,3.0,2.0,4.0,5.0,3.0,4.0,5.0,2.0,3.0,2.0,2.0,2.0,2.0,5.0,4.0,2.0,5.0,2.0,3.0,5.0,4.0,4.0,2.0,3.0,2.0,4.0,1.0,4.0,4.0,3.0,2.0,5.0,1.0,2.0,2.0,2.0,4.0,2.0,2.0,3.0,2.0,4.0,3.0,2.0,4.0,3.0,1.0,4.0,2.0,3.0,2.0,3.0,4.0,2.0,4.0,4.0,3.0,3.0,2.0,2.0,5.0,3.0,3.0,5.0,2.0,4.0,4.0,2.0,3.0,2.0,2.0,4.0,3.0,2.0,3.0,2.0,4.0,3.0,2.0,3.0,3.0,4.0,2.0,1.0,2.0,2.0,3.0,4.0,2.0,5.0,1.0,4.0,1.0,1.0,2.0,1.0,1.0,2.0,2.0,5.0,3.0,4.0,4.0,3.0,3.0,3.0,1.0,4.0,1.0,2.0,2.0,2.0,3.0,3.0,4.0,4.0,4.0,3.0,3.0,3.0,3.0,2.0,3.0,4.0,4.0,3.0,2.0,3.0,3.0,4.0,2.0,3.0,3.0,5.0,4.0,2.0,5.0,2.0,3.0,1.0,3.0,3.0,4.0,3.0,4.0,2.0,2.0,4.0,4.0,5.0,2.0,4.0,2.0,2.0,2.0,1.0,4.0,3.0,2.0,2.0,3.0,4.0,3.0,3.0,2.0,3.0,5.0,5.0,1.0,4.0,2.0,2.0,3.0,5.0,3.0,1.0,1.0,2.0,5.0,2.0,4.0,5.0,4.0,4.0,2.0,2.0,2.0,4.0,2.0,3.0,4.0,3.0,3.0,3.0,4.0,1.0,5.0,4.0,2.0,2.0,3.0,2.0,4.0,4.0,2.0,3.0,2.0,2.0,4.0,3.0,3.0,3.0,2.0,3.0,2.0,3.0,3.0,1.0,1.0,1.0,2.0,1.0,4.0,3.0,3.0,2.0,4.0,3.0,5.0,1.0,1.0
SOR1529039,AR Örebro samt SDH V Svealand,Dator 01,P51C0001027,331.0,SOR1529039,,1.0,,2.0,Completed,42179.55165509259,3243.0,318.0,LOCAL,,0.0,,119.0,59.0,142.0,61.0,130.0,62.0,125.0,50.0,60.0,44.0,21.0,60.0,17.0,55.0,19.0,51.0,18.0,57.0,22.0,60.0,22.0,54.0,30.0,72.0,17.0,47.0,24.0,50.0,22.0,62.0,24.0,58.0,25.0,62.0,27.0,65.0,20.0,54.0,19.0,56.0,21.0,60.0,20.0,59.0,23.0,55.0,21.0,51.0,15.0,39.0,31.0,73.0,19.0,52.0,17.0,43.0,22.0,50.0,10.0,47.0,6.0,38.0,10.0,45.0,9.0,42.0,17.0,57.0,8.0,45.0,,,,,,,,,,,,,,,,,,,,,,,,,,,,,,,,,,,,,,,,,,,,,,,,,,,,,,,,,,,,,,,,,,,,,,,,,,,,,,,,,,,,,,,,,,,,,,,,,,,,,,,,,,,,,,,,,,,,,,,,,,,,,,,,,,,,,,,,,,,,,,,,,,,,,,,,,,,,,,,,,,,,,,,,,,,,,,,,,,,,,,,,,,,,,,,,,,,,,,,,,,,,,,,,,,,,,,,,,,,,,,,,,,,,,,,,,,,,,,,,,,,,5.0,4.0,4.0,3.0,4.0,2.0,2.0,2.0,1.0,2.0,2.0,4.0,4.0,1.0,2.0,2.0,4.0,2.0,4.0,4.0,3.0,2.0,3.0,2.0,4.0,1.0,3.0,5.0,5.0,1.0,2.0,1.0,3.0,4.0,1.0,5.0,4.0,4.0,1.0,4.0,2.0,3.0,3.0,5.0,2.0,4.0,4.0,3.0,4.0,4.0,4.0,5.0,3.0,3.0,2.0,3.0,4.0,3.0,3.0,4.0,4.0,5.0,4.0,4.0,5.0,1.0,3.0,5.0,1.0,5.0,4.0,3.0,3.0,1.0,5.0,1.0,2.0,3.0,4.0,2.0,4.0,5.0,4.0,4.0,4.0,2.0,3.0,1.0,2.0,3.0,2.0,1.0,2.0,4.0,2.0,4.0,4.0,3.0,2.0,4.0,2.0,4.0,3.0,5.0,3.0,3.0,4.0,4.0,3.0,4.0,5.0,2.0,2.0,5.0,3.0,4.0,3.0,4.0,2.0,4.0,3.0,4.0,4.0,3.0,5.0,2.0,2.0,2.0,5.0,2.0,3.0,5.0,4.0,1.0,4.0,3.0,2.0,4.0,4.0,3.0,4.0,4.0,4.0,4.0,5.0,4.0,2.0,2.0,2.0,1.0,3.0,4.0,5.0,4.0,1.0,5.0,2.0,4.0,2.0,3.0,1.0,3.0,3.0,5.0,4.0,4.0,4.0,4.0,3.0,5.0,3.0,5.0,2.0,2.0,2.0,4.0,4.0,5.0,5.0,4.0,4.0,4.0,1.0,5.0,5.0,3.0,2.0,3.0,4.0,4.0,2.0,2.0,4.0,4.0,5.0,3.0,3.0,4.0,4.0,4.0,3.0,3.0,4.0,4.0,2.0,5.0,1.0,1.0,5.0,4.0,3.0,4.0,2.0,4.0,5.0,2.0,3.0,2.0,5.0,3.0,2.0,1.0,3.0,5.0,5.0,1.0,4.0,2.0,1.0,4.0,3.0,4.0,4.0,3.0,4.0,5.0,5.0,3.0,4.0,4.0,5.0,1.0,1.0
TP999,AR Örebro samt SDH V Svealand,Dator 01,P51C0001028,338.0,,,1.0,,2.0,Completed,42191.590416666666,1399.0,326.0,LOCAL,,0.0,,117.0,58.0,132.0,56.0,117.0,55.0,130.0,53.0,56.0,42.0,19.0,56.0,12.0,47.0,19.0,51.0,16.0,52.0,25.0,65.0,26.0,64.0,23.0,54.0,22.0,58.0,25.0,53.0,16.0,48.0,25.0,60.0,21.0,54.0,24.0,58.0,19.0,53.0,16.0,50.0,17.0,51.0,21.0,61.0,20.0,50.0,24.0,58.0,18.0,45.0,27.0,62.0,20.0,54.0,19.0,47.0,22.0,50.0,7.0,41.0,8.0,42.0,11.0,48.0,9.0,42.0,13.0,46.0,8.0,45.0,,,,,,,,,,,,,,,,,,,,,,,,,,,,,,,,,,,,,,,,,,,,,,,,,,,,,,,,,,,,,,,,,,,,,,,,,,,,,,,,,,,,,,,,,,,,,,,,,,,,,,,,,,,,,,,,,,,,,,,,,,,,,,,,,,,,,,,,,,,,,,,,,,,,,,,,,,,,,,,,,,,,,,,,,,,,,,,,,,,,,,,,,,,,,,,,,,,,,,,,,,,,,,,,,,,,,,,,,,,,,,,,,,,,,,,,,,,,,,,,,,,,4.0,4.0,3.0,2.0,4.0,2.0,2.0,4.0,2.0,4.0,4.0,4.0,4.0,2.0,5.0,2.0,4.0,3.0,5.0,4.0,4.0,3.0,4.0,3.0,4.0,2.0,2.0,1.0,4.0,3.0,2.0,2.0,2.0,4.0,2.0,4.0,3.0,3.0,2.0,4.0,2.0,3.0,2.0,5.0,2.0,4.0,4.0,3.0,2.0,3.0,3.0,2.0,2.0,3.0,2.0,4.0,3.0,4.0,3.0,4.0,4.0,4.0,4.0,2.0,4.0,1.0,3.0,3.0,2.0,2.0,4.0,3.0,3.0,2.0,4.0,2.0,3.0,4.0,2.0,2.0,3.0,4.0,4.0,3.0,4.0,2.0,2.0,1.0,4.0,2.0,2.0,2.0,3.0,4.0,3.0,4.0,4.0,3.0,2.0,4.0,2.0,4.0,3.0,5.0,2.0,4.0,2.0,3.0,2.0,4.0,4.0,1.0,2.0,5.0,2.0,4.0,2.0,4.0,3.0,3.0,4.0,4.0,3.0,2.0,4.0,2.0,3.0,3.0,4.0,2.0,3.0,3.0,3.0,2.0,5.0,2.0,2.0,3.0,4.0,3.0,4.0,4.0,5.0,4.0,5.0,2.0,3.0,2.0,4.0,2.0,2.0,4.0,4.0,4.0,2.0,4.0,2.0,2.0,2.0,3.0,2.0,4.0,2.0,5.0,3.0,3.0,3.0,3.0,4.0,3.0,2.0,3.0,2.0,3.0,2.0,4.0,4.0,4.0,4.0,4.0,4.0,4.0,2.0,4.0,4.0,3.0,2.0,2.0,2.0,2.0,4.0,3.0,4.0,4.0,4.0,2.0,3.0,2.0,3.0,3.0,2.0,2.0,4.0,4.0,2.0,4.0,2.0,2.0,4.0,3.0,1.0,4.0,2.0,4.0,4.0,2.0,4.0,2.0,4.0,1.0,2.0,2.0,2.0,4.0,4.0,2.0,4.0,3.0,2.0,2.0,3.0,4.0,4.0,2.0,4.0,4.0,4.0,2.0,4.0,4.0,4.0,1.0,1.0
SOR1539046,AR Örebro samt SDH V Svealand,Dator 01,P51C0001029,393.0,SOR1539046,,2.0,,2.0,Completed,42265.4705787037,1977.0,383.0,LOCAL,,0.0,,115.0,53.0,126.0,52.0,90.0,41.0,149.0,59.0,104.0,59.0,18.0,53.0,21.0,56.0,19.0,44.0,14.0,46.0,23.0,63.0,20.0,46.0,23.0,54.0,20.0,51.0,24.0,47.0,17.0,52.0,18.0,44.0,24.0,59.0,23.0,51.0,17.0,46.0,12.0,47.0,9.0,29.0,10.0,44.0,19.0,44.0,23.0,53.0,25.0,56.0,27.0,57.0,21.0,54.0,26.0,58.0,27.0,58.0,19.0,57.0,14.0,54.0,19.0,58.0,19.0,60.0,13.0,44.0,20.0,68.0,,,,,,,,,,,,,,,,,,,,,,,,,,,,,,,,,,,,,,,,,,,,,,,,,,,,,,,,,,,,,,,,,,,,,,,,,,,,,,,,,,,,,,,,,,,,,,,,,,,,,,,,,,,,,,,,,,,,,,,,,,,,,,,,,,,,,,,,,,,,,,,,,,,,,,,,,,,,,,,,,,,,,,,,,,,,,,,,,,,,,,,,,,,,,,,,,,,,,,,,,,,,,,,,,,,,,,,,,,,,,,,,,,,,,,,,,,,,,,,,,,,,3.0,4.0,3.0,2.0,4.0,2.0,2.0,1.0,3.0,2.0,3.0,2.0,3.0,2.0,5.0,3.0,3.0,4.0,4.0,3.0,4.0,2.0,3.0,2.0,3.0,3.0,2.0,3.0,4.0,3.0,3.0,3.0,3.0,3.0,2.0,3.0,2.0,4.0,1.0,4.0,5.0,4.0,3.0,4.0,2.0,2.0,2.0,2.0,2.0,3.0,2.0,5.0,2.0,3.0,3.0,3.0,3.0,4.0,1.0,5.0,3.0,4.0,3.0,1.0,4.0,2.0,3.0,3.0,3.0,1.0,3.0,2.0,3.0,1.0,4.0,4.0,4.0,3.0,3.0,3.0,3.0,2.0,5.0,1.0,4.0,5.0,3.0,3.0,4.0,2.0,3.0,2.0,2.0,4.0,2.0,3.0,4.0,4.0,1.0,4.0,4.0,3.0,3.0,5.0,2.0,3.0,2.0,2.0,2.0,3.0,3.0,3.0,2.0,5.0,3.0,3.0,3.0,3.0,1.0,4.0,2.0,5.0,3.0,2.0,4.0,2.0,3.0,3.0,4.0,3.0,3.0,3.0,4.0,1.0,4.0,4.0,4.0,3.0,3.0,2.0,3.0,3.0,4.0,2.0,4.0,5.0,3.0,2.0,3.0,2.0,4.0,4.0,3.0,4.0,2.0,3.0,2.0,4.0,1.0,3.0,3.0,3.0,2.0,4.0,3.0,3.0,2.0,3.0,2.0,4.0,2.0,3.0,2.0,4.0,3.0,3.0,3.0,4.0,5.0,4.0,2.0,4.0,3.0,4.0,3.0,3.0,2.0,3.0,1.0,4.0,3.0,2.0,4.0,4.0,4.0,3.0,2.0,2.0,3.0,3.0,3.0,2.0,4.0,4.0,3.0,3.0,2.0,2.0,5.0,4.0,3.0,3.0,2.0,3.0,4.0,4.0,3.0,3.0,3.0,3.0,3.0,3.0,3.0,4.0,4.0,3.0,2.0,3.0,2.0,2.0,3.0,2.0,3.0,1.0,3.0,3.0,4.0,3.0,4.0,4.0,4.0,1.0,1.0
SOR1539044,AR Örebro samt SDH V Svealand,Dator 01,P51C0001030,528.0,SOR1539044,,2.0,,2.0,Completed,42268.63071759259,1900.0,518.0,LOCAL,,0.0,,112.0,51.0,98.0,37.0,84.0,38.0,135.0,50.0,91.0,54.0,21.0,58.0,13.0,44.0,25.0,57.0,14.0,46.0,15.0,48.0,24.0,57.0,17.0,39.0,15.0,40.0,22.0,42.0,10.0,35.0,13.0,34.0,21.0,54.0,20.0,44.0,10.0,34.0,11.0,45.0,10.0,32.0,9.0,42.0,24.0,54.0,19.0,43.0,25.0,56.0,26.0,54.0,17.0,45.0,26.0,58.0,22.0,44.0,18.0,56.0,12.0,50.0,19.0,58.0,18.0,58.0,12.0,42.0,12.0,51.0,,,,,,,,,,,,,,,,,,,,,,,,,,,,,,,,,,,,,,,,,,,,,,,,,,,,,,,,,,,,,,,,,,,,,,,,,,,,,,,,,,,,,,,,,,,,,,,,,,,,,,,,,,,,,,,,,,,,,,,,,,,,,,,,,,,,,,,,,,,,,,,,,,,,,,,,,,,,,,,,,,,,,,,,,,,,,,,,,,,,,,,,,,,,,,,,,,,,,,,,,,,,,,,,,,,,,,,,,,,,,,,,,,,,,,,,,,,,,,,,,,,,3.0,4.0,4.0,3.0,4.0,2.0,4.0,1.0,3.0,3.0,2.0,3.0,4.0,1.0,4.0,2.0,4.0,4.0,4.0,4.0,4.0,3.0,2.0,2.0,3.0,1.0,1.0,1.0,4.0,3.0,4.0,2.0,2.0,4.0,3.0,3.0,1.0,3.0,1.0,1.0,3.0,2.0,1.0,4.0,1.0,2.0,3.0,3.0,4.0,3.0,2.0,4.0,2.0,3.0,3.0,3.0,3.0,4.0,3.0,3.0,2.0,4.0,2.0,2.0,3.0,2.0,3.0,5.0,5.0,3.0,1.0,1.0,4.0,1.0,3.0,4.0,3.0,4.0,3.0,2.0,4.0,3.0,3.0,2.0,2.0,4.0,3.0,1.0,4.0,3.0,2.0,2.0,2.0,3.0,2.0,4.0,3.0,2.0,3.0,3.0,4.0,4.0,2.0,4.0,2.0,3.0,2.0,2.0,3.0,2.0,3.0,4.0,4.0,4.0,4.0,4.0,4.0,4.0,2.0,4.0,3.0,3.0,3.0,3.0,3.0,2.0,2.0,3.0,4.0,3.0,3.0,3.0,4.0,2.0,4.0,3.0,3.0,3.0,3.0,4.0,3.0,3.0,3.0,1.0,3.0,3.0,2.0,4.0,4.0,2.0,3.0,4.0,3.0,4.0,3.0,4.0,2.0,2.0,1.0,4.0,2.0,4.0,1.0,4.0,3.0,3.0,3.0,4.0,3.0,2.0,3.0,1.0,3.0,5.0,4.0,4.0,4.0,4.0,4.0,4.0,2.0,3.0,1.0,3.0,2.0,4.0,4.0,1.0,1.0,4.0,3.0,2.0,4.0,4.0,4.0,3.0,1.0,3.0,3.0,2.0,2.0,2.0,3.0,4.0,3.0,4.0,2.0,1.0,4.0,4.0,3.0,2.0,2.0,3.0,3.0,3.0,1.0,4.0,3.0,2.0,3.0,4.0,3.0,4.0,3.0,4.0,1.0,3.0,2.0,1.0,3.0,1.0,3.0,1.0,3.0,3.0,5.0,3.0,3.0,4.0,4.0,1.0,1.0
SOR1549055,AR Örebro samt SDH V Svealand,Dator 01,P51C0001031,648.0,SOR1549055,,2.0,,2.0,Completed,42304.423414351855,2251.0,639.0,LOCAL,,0.0,,101.0,46.0,124.0,51.0,109.0,50.0,103.0,30.0,93.0,54.0,13.0,43.0,19.0,53.0,18.0,42.0,17.0,52.0,19.0,55.0,15.0,32.0,22.0,52.0,12.0,33.0,26.0,52.0,20.0,59.0,23.0,55.0,21.0,54.0,23.0,51.0,17.0,46.0,11.0,45.0,24.0,67.0,12.0,47.0,22.0,50.0,18.0,41.0,15.0,35.0,26.0,54.0,9.0,28.0,15.0,33.0,20.0,39.0,19.0,57.0,13.0,52.0,22.0,63.0,14.0,50.0,17.0,53.0,8.0,42.0,,,,,,,,,,,,,,,,,,,,,,,,,,,,,,,,,,,,,,,,,,,,,,,,,,,,,,,,,,,,,,,,,,,,,,,,,,,,,,,,,,,,,,,,,,,,,,,,,,,,,,,,,,,,,,,,,,,,,,,,,,,,,,,,,,,,,,,,,,,,,,,,,,,,,,,,,,,,,,,,,,,,,,,,,,,,,,,,,,,,,,,,,,,,,,,,,,,,,,,,,,,,,,,,,,,,,,,,,,,,,,,,,,,,,,,,,,,,,,,,,,,,1.0,5.0,4.0,1.0,4.0,4.0,1.0,1.0,4.0,5.0,1.0,1.0,4.0,1.0,5.0,4.0,4.0,1.0,4.0,5.0,1.0,5.0,1.0,5.0,5.0,1.0,1.0,4.0,1.0,4.0,4.0,4.0,4.0,4.0,1.0,5.0,5.0,5.0,5.0,5.0,5.0,5.0,5.0,5.0,5.0,5.0,5.0,5.0,4.0,5.0,5.0,4.0,1.0,4.0,4.0,4.0,4.0,1.0,1.0,5.0,5.0,5.0,5.0,5.0,5.0,4.0,5.0,1.0,1.0,4.0,4.0,1.0,4.0,1.0,5.0,4.0,5.0,5.0,1.0,5.0,5.0,1.0,4.0,1.0,4.0,3.0,4.0,3.0,4.0,4.0,5.0,4.0,5.0,5.0,5.0,5.0,5.0,4.0,5.0,5.0,5.0,5.0,4.0,4.0,1.0,1.0,4.0,4.0,4.0,5.0,5.0,1.0,1.0,5.0,5.0,5.0,5.0,1.0,4.0,5.0,5.0,5.0,4.0,4.0,4.0,4.0,5.0,4.0,1.0,4.0,4.0,4.0,5.0,4.0,4.0,1.0,1.0,4.0,4.0,4.0,4.0,4.0,1.0,4.0,4.0,4.0,4.0,1.0,4.0,4.0,5.0,4.0,5.0,4.0,4.0,4.0,5.0,4.0,1.0,1.0,4.0,1.0,4.0,5.0,5.0,5.0,5.0,5.0,5.0,5.0,1.0,1.0,1.0,4.0,1.0,4.0,5.0,4.0,4.0,4.0,4.0,4.0,4.0,4.0,4.0,4.0,4.0,1.0,1.0,4.0,4.0,1.0,4.0,4.0,5.0,5.0,5.0,4.0,4.0,4.0,5.0,1.0,1.0,1.0,1.0,4.0,4.0,4.0,4.0,5.0,4.0,4.0,4.0,1.0,5.0,1.0,1.0,1.0,1.0,4.0,1.0,1.0,4.0,4.0,4.0,1.0,5.0,5.0,5.0,5.0,5.0,1.0,5.0,5.0,5.0,5.0,5.0,1.0,4.0,4.0,1.0,1.0,1.0
SOR1549059,AR Örebro samt SDH V Svealand,Dator 01,P51C0001032,658.0,SOR1549059,,2.0,,2.0,Completed,42319.46052083333,2896.0,650.0,LOCAL,,0.0,,113.0,52.0,136.0,58.0,70.0,31.0,168.0,71.0,145.0,77.0,6.0,30.0,24.0,60.0,25.0,57.0,7.0,31.0,23.0,63.0,28.0,69.0,21.0,49.0,21.0,53.0,21.0,39.0,19.0,57.0,26.0,61.0,28.0,67.0,23.0,51.0,8.0,30.0,8.0,39.0,14.0,42.0,13.0,49.0,4.0,20.0,25.0,57.0,27.0,61.0,28.0,60.0,27.0,66.0,30.0,68.0,31.0,69.0,32.0,79.0,21.0,69.0,30.0,77.0,28.0,78.0,12.0,42.0,22.0,73.0,,,,,,,,,,,,,,,,,,,,,,,,,,,,,,,,,,,,,,,,,,,,,,,,,,,,,,,,,,,,,,,,,,,,,,,,,,,,,,,,,,,,,,,,,,,,,,,,,,,,,,,,,,,,,,,,,,,,,,,,,,,,,,,,,,,,,,,,,,,,,,,,,,,,,,,,,,,,,,,,,,,,,,,,,,,,,,,,,,,,,,,,,,,,,,,,,,,,,,,,,,,,,,,,,,,,,,,,,,,,,,,,,,,,,,,,,,,,,,,,,,,,1.0,4.0,1.0,1.0,4.0,5.0,4.0,1.0,5.0,1.0,1.0,3.0,2.0,1.0,5.0,5.0,1.0,4.0,5.0,1.0,2.0,1.0,5.0,1.0,5.0,4.0,5.0,1.0,5.0,2.0,5.0,4.0,5.0,5.0,1.0,1.0,1.0,3.0,1.0,5.0,5.0,4.0,4.0,5.0,4.0,1.0,1.0,4.0,3.0,2.0,2.0,1.0,1.0,4.0,4.0,1.0,2.0,5.0,1.0,5.0,1.0,4.0,1.0,5.0,5.0,2.0,5.0,4.0,5.0,1.0,1.0,2.0,5.0,1.0,5.0,5.0,4.0,5.0,5.0,2.0,5.0,2.0,3.0,1.0,5.0,5.0,5.0,1.0,5.0,2.0,5.0,1.0,5.0,4.0,3.0,2.0,1.0,5.0,5.0,5.0,5.0,5.0,2.0,5.0,1.0,1.0,1.0,3.0,1.0,5.0,4.0,5.0,5.0,5.0,4.0,4.0,1.0,4.0,2.0,5.0,1.0,3.0,1.0,2.0,2.0,1.0,4.0,1.0,5.0,3.0,5.0,5.0,5.0,3.0,1.0,1.0,1.0,5.0,4.0,5.0,5.0,2.0,4.0,2.0,5.0,5.0,5.0,3.0,5.0,1.0,5.0,3.0,3.0,4.0,2.0,3.0,4.0,3.0,1.0,1.0,4.0,5.0,1.0,4.0,4.0,1.0,5.0,1.0,1.0,4.0,2.0,1.0,1.0,5.0,1.0,2.0,2.0,5.0,5.0,5.0,1.0,5.0,1.0,5.0,2.0,5.0,3.0,4.0,1.0,2.0,4.0,1.0,5.0,4.0,5.0,5.0,1.0,4.0,2.0,4.0,2.0,5.0,5.0,5.0,1.0,5.0,5.0,2.0,5.0,5.0,5.0,5.0,5.0,5.0,4.0,4.0,2.0,5.0,2.0,5.0,5.0,5.0,5.0,5.0,2.0,5.0,2.0,5.0,2.0,2.0,2.0,4.0,3.0,1.0,5.0,2.0,3.0,1.0,5.0,3.0,5.0,1.0,1.0
SOR1549063,AR Örebro samt SDH V Svealand,Dator 01,P51C0001033,554.0,SOR1549063,,2.0,,2.0,Completed,42331.43953703704,3358.0,546.0,LOCAL,,0.0,,86.0,39.0,122.0,50.0,106.0,49.0,138.0,52.0,82.0,50.0,11.0,39.0,15.0,47.0,16.0,38.0,12.0,41.0,16.0,50.0,16.0,35.0,20.0,47.0,18.0,47.0,24.0,47.0,19.0,57.0,18.0,44.0,23.0,57.0,22.0,49.0,19.0,50.0,12.0,47.0,16.0,47.0,15.0,52.0,22.0,50.0,22.0,50.0,25.0,56.0,24.0,48.0,22.0,56.0,24.0,54.0,21.0,41.0,16.0,52.0,10.0,46.0,16.0,53.0,10.0,42.0,15.0,48.0,15.0,57.0,,,,,,,,,,,,,,,,,,,,,,,,,,,,,,,,,,,,,,,,,,,,,,,,,,,,,,,,,,,,,,,,,,,,,,,,,,,,,,,,,,,,,,,,,,,,,,,,,,,,,,,,,,,,,,,,,,,,,,,,,,,,,,,,,,,,,,,,,,,,,,,,,,,,,,,,,,,,,,,,,,,,,,,,,,,,,,,,,,,,,,,,,,,,,,,,,,,,,,,,,,,,,,,,,,,,,,,,,,,,,,,,,,,,,,,,,,,,,,,,,,,,3.0,4.0,3.0,3.0,3.0,3.0,3.0,1.0,3.0,1.0,3.0,3.0,1.0,1.0,4.0,3.0,4.0,3.0,4.0,4.0,4.0,3.0,4.0,2.0,4.0,3.0,1.0,3.0,3.0,3.0,3.0,3.0,4.0,4.0,3.0,4.0,3.0,3.0,1.0,4.0,3.0,1.0,3.0,4.0,1.0,4.0,4.0,3.0,3.0,4.0,3.0,4.0,4.0,4.0,3.0,4.0,4.0,3.0,1.0,4.0,4.0,4.0,2.0,3.0,4.0,1.0,3.0,4.0,4.0,3.0,4.0,1.0,4.0,1.0,4.0,3.0,3.0,4.0,3.0,3.0,3.0,3.0,4.0,1.0,4.0,4.0,3.0,3.0,4.0,1.0,3.0,1.0,4.0,4.0,3.0,3.0,4.0,1.0,2.0,4.0,3.0,4.0,3.0,4.0,2.0,3.0,2.0,2.0,3.0,4.0,4.0,3.0,3.0,4.0,3.0,3.0,4.0,3.0,3.0,3.0,3.0,3.0,2.0,1.0,3.0,1.0,3.0,4.0,4.0,3.0,4.0,2.0,3.0,3.0,4.0,3.0,3.0,4.0,4.0,3.0,3.0,4.0,3.0,4.0,4.0,3.0,3.0,3.0,3.0,1.0,4.0,3.0,4.0,4.0,1.0,4.0,3.0,4.0,1.0,1.0,3.0,4.0,3.0,4.0,3.0,4.0,3.0,3.0,1.0,4.0,3.0,4.0,4.0,4.0,4.0,3.0,4.0,3.0,4.0,4.0,1.0,4.0,3.0,4.0,3.0,3.0,1.0,3.0,1.0,3.0,3.0,2.0,3.0,4.0,4.0,1.0,3.0,3.0,3.0,4.0,3.0,3.0,3.0,4.0,3.0,3.0,3.0,3.0,4.0,4.0,1.0,4.0,3.0,3.0,4.0,3.0,3.0,3.0,3.0,3.0,3.0,3.0,4.0,3.0,4.0,1.0,4.0,4.0,1.0,3.0,4.0,1.0,3.0,1.0,3.0,4.0,4.0,3.0,3.0,3.0,4.0,1.0,1.0
SOR1619009,AR Örebro samt SDH V Svealand,Dator 01,P51C0001034,245.0,SOR1619009,,1.0,,2.0,Completed,42404.555983796294,3642.0,240.0,LOCAL,,0.0,,123.0,61.0,106.0,43.0,131.0,62.0,57.0,20.0,92.0,60.0,29.0,76.0,14.0,50.0,18.0,48.0,17.0,54.0,19.0,55.0,26.0,64.0,24.0,56.0,19.0,51.0,19.0,39.0,18.0,53.0,20.0,50.0,6.0,22.0,20.0,49.0,20.0,54.0,20.0,58.0,20.0,58.0,26.0,71.0,25.0,59.0,5.0,21.0,4.0,21.0,19.0,40.0,0.0,22.0,15.0,39.0,14.0,29.0,8.0,43.0,22.0,73.0,20.0,66.0,9.0,42.0,25.0,77.0,8.0,45.0,,,,,,,,,,,,,,,,,,,,,,,,,,,,,,,,,,,,,,,,,,,,,,,,,,,,,,,,,,,,,,,,,,,,,,,,,,,,,,,,,,,,,,,,,,,,,,,,,,,,,,,,,,,,,,,,,,,,,,,,,,,,,,,,,,,,,,,,,,,,,,,,,,,,,,,,,,,,,,,,,,,,,,,,,,,,,,,,,,,,,,,,,,,,,,,,,,,,,,,,,,,,,,,,,,,,,,,,,,,,,,,,,,,,,,,,,,,,,,,,,,,,2.0,2.0,5.0,3.0,4.0,3.0,3.0,1.0,1.0,5.0,3.0,3.0,3.0,1.0,3.0,2.0,4.0,4.0,1.0,5.0,3.0,5.0,2.0,3.0,3.0,1.0,2.0,3.0,3.0,5.0,1.0,3.0,1.0,1.0,2.0,1.0,3.0,4.0,4.0,5.0,5.0,5.0,2.0,3.0,5.0,3.0,4.0,3.0,5.0,3.0,3.0,1.0,1.0,4.0,2.0,5.0,4.0,5.0,4.0,1.0,5.0,4.0,5.0,5.0,3.0,5.0,5.0,5.0,1.0,1.0,2.0,5.0,5.0,4.0,5.0,1.0,2.0,3.0,1.0,3.0,4.0,5.0,3.0,5.0,4.0,3.0,1.0,1.0,5.0,5.0,1.0,2.0,1.0,1.0,2.0,5.0,5.0,2.0,3.0,4.0,3.0,1.0,3.0,2.0,4.0,1.0,2.0,5.0,5.0,3.0,5.0,1.0,5.0,3.0,2.0,5.0,3.0,5.0,5.0,5.0,4.0,3.0,4.0,5.0,3.0,2.0,3.0,1.0,2.0,1.0,1.0,3.0,3.0,2.0,5.0,1.0,1.0,3.0,1.0,1.0,1.0,5.0,3.0,1.0,5.0,3.0,3.0,3.0,4.0,5.0,1.0,4.0,1.0,1.0,1.0,1.0,5.0,3.0,5.0,1.0,3.0,2.0,3.0,5.0,3.0,4.0,4.0,5.0,5.0,5.0,5.0,5.0,1.0,2.0,3.0,4.0,5.0,5.0,3.0,1.0,5.0,5.0,1.0,1.0,4.0,4.0,1.0,1.0,5.0,3.0,4.0,2.0,2.0,3.0,3.0,1.0,3.0,3.0,5.0,3.0,5.0,3.0,5.0,1.0,5.0,4.0,2.0,1.0,1.0,1.0,5.0,3.0,3.0,4.0,5.0,5.0,3.0,1.0,5.0,3.0,5.0,1.0,3.0,3.0,5.0,2.0,4.0,5.0,5.0,3.0,1.0,1.0,3.0,2.0,4.0,3.0,5.0,3.0,3.0,3.0,5.0,1.0,1.0
SOR1619003,AR Örebro samt SDH V Svealand,Dator 01,P51C0001036,316.0,SOR1619003,,1.0,,2.0,Completed,42411.57059027778,2001.0,311.0,LOCAL,,0.0,,88.0,44.0,104.0,42.0,117.0,55.0,145.0,62.0,107.0,68.0,15.0,48.0,11.0,45.0,20.0,53.0,14.0,48.0,4.0,31.0,24.0,59.0,20.0,45.0,18.0,49.0,23.0,48.0,13.0,42.0,18.0,46.0,12.0,35.0,20.0,49.0,22.0,58.0,11.0,41.0,19.0,56.0,14.0,47.0,31.0,70.0,21.0,51.0,28.0,65.0,27.0,62.0,24.0,64.0,24.0,58.0,21.0,47.0,22.0,71.0,14.0,56.0,20.0,66.0,15.0,56.0,21.0,67.0,15.0,62.0,,,,,,,,,,,,,,,,,,,,,,,,,,,,,,,,,,,,,,,,,,,,,,,,,,,,,,,,,,,,,,,,,,,,,,,,,,,,,,,,,,,,,,,,,,,,,,,,,,,,,,,,,,,,,,,,,,,,,,,,,,,,,,,,,,,,,,,,,,,,,,,,,,,,,,,,,,,,,,,,,,,,,,,,,,,,,,,,,,,,,,,,,,,,,,,,,,,,,,,,,,,,,,,,,,,,,,,,,,,,,,,,,,,,,,,,,,,,,,,,,,,,1.0,3.0,4.0,3.0,3.0,2.0,3.0,5.0,2.0,4.0,3.0,1.0,4.0,3.0,4.0,1.0,4.0,3.0,5.0,4.0,3.0,1.0,1.0,3.0,2.0,2.0,1.0,2.0,4.0,3.0,4.0,1.0,3.0,5.0,1.0,3.0,2.0,4.0,1.0,5.0,4.0,4.0,2.0,4.0,4.0,3.0,4.0,3.0,3.0,3.0,3.0,3.0,5.0,2.0,3.0,4.0,5.0,4.0,2.0,3.0,2.0,3.0,1.0,4.0,2.0,3.0,3.0,5.0,4.0,3.0,2.0,1.0,4.0,2.0,5.0,5.0,2.0,4.0,3.0,3.0,3.0,3.0,1.0,1.0,4.0,5.0,1.0,2.0,5.0,5.0,3.0,2.0,3.0,4.0,3.0,3.0,3.0,1.0,1.0,5.0,3.0,3.0,2.0,5.0,1.0,3.0,3.0,4.0,3.0,4.0,5.0,3.0,4.0,5.0,3.0,4.0,4.0,4.0,3.0,2.0,1.0,4.0,1.0,1.0,3.0,2.0,1.0,1.0,5.0,3.0,4.0,5.0,4.0,1.0,4.0,3.0,2.0,3.0,4.0,4.0,2.0,3.0,1.0,3.0,4.0,4.0,1.0,3.0,2.0,3.0,3.0,3.0,3.0,3.0,1.0,4.0,5.0,5.0,1.0,1.0,3.0,3.0,2.0,4.0,1.0,4.0,2.0,1.0,1.0,4.0,4.0,4.0,5.0,5.0,1.0,4.0,5.0,4.0,5.0,2.0,1.0,3.0,2.0,3.0,3.0,4.0,1.0,1.0,1.0,2.0,4.0,2.0,1.0,5.0,5.0,5.0,4.0,4.0,1.0,1.0,4.0,1.0,2.0,4.0,4.0,3.0,1.0,1.0,5.0,3.0,1.0,3.0,2.0,4.0,4.0,3.0,4.0,1.0,1.0,3.0,3.0,4.0,3.0,5.0,5.0,1.0,4.0,2.0,2.0,2.0,3.0,4.0,3.0,1.0,3.0,3.0,5.0,2.0,1.0,3.0,4.0,1.0,1.0
SOR1629020,AR Örebro samt SDH V Svealand,Dator 01,P51C0001037,493.0,SOR1629020,,1.0,,2.0,Completed,42499.47818287037,1689.0,491.0,LOCAL,,0.0,,80.0,40.0,135.0,57.0,81.0,38.0,115.0,44.0,86.0,57.0,15.0,48.0,11.0,45.0,13.0,37.0,14.0,48.0,7.0,36.0,20.0,48.0,21.0,48.0,25.0,65.0,27.0,57.0,19.0,55.0,20.0,50.0,23.0,58.0,16.0,39.0,20.0,54.0,13.0,45.0,12.0,39.0,12.0,44.0,8.0,28.0,15.0,37.0,19.0,47.0,22.0,48.0,15.0,42.0,23.0,56.0,21.0,47.0,15.0,57.0,15.0,58.0,17.0,60.0,15.0,56.0,11.0,41.0,13.0,57.0,,,,,,,,,,,,,,,,,,,,,,,,,,,,,,,,,,,,,,,,,,,,,,,,,,,,,,,,,,,,,,,,,,,,,,,,,,,,,,,,,,,,,,,,,,,,,,,,,,,,,,,,,,,,,,,,,,,,,,,,,,,,,,,,,,,,,,,,,,,,,,,,,,,,,,,,,,,,,,,,,,,,,,,,,,,,,,,,,,,,,,,,,,,,,,,,,,,,,,,,,,,,,,,,,,,,,,,,,,,,,,,,,,,,,,,,,,,,,,,,,,,,3.0,3.0,3.0,3.0,3.0,3.0,2.0,4.0,3.0,2.0,1.0,3.0,2.0,2.0,4.0,3.0,3.0,4.0,4.0,3.0,3.0,2.0,1.0,1.0,3.0,2.0,4.0,2.0,5.0,3.0,2.0,3.0,4.0,3.0,2.0,2.0,2.0,3.0,2.0,5.0,3.0,3.0,4.0,4.0,1.0,4.0,3.0,2.0,4.0,3.0,3.0,5.0,4.0,4.0,2.0,4.0,1.0,4.0,4.0,4.0,4.0,4.0,4.0,3.0,3.0,3.0,2.0,5.0,2.0,2.0,2.0,2.0,4.0,4.0,5.0,2.0,3.0,4.0,4.0,2.0,4.0,3.0,2.0,2.0,4.0,3.0,4.0,1.0,3.0,2.0,3.0,4.0,3.0,3.0,2.0,4.0,4.0,2.0,3.0,4.0,2.0,4.0,3.0,5.0,3.0,3.0,1.0,3.0,4.0,4.0,3.0,3.0,4.0,4.0,4.0,3.0,1.0,3.0,3.0,4.0,2.0,3.0,2.0,3.0,4.0,2.0,2.0,4.0,4.0,2.0,2.0,3.0,2.0,2.0,5.0,3.0,3.0,4.0,3.0,3.0,4.0,3.0,1.0,3.0,3.0,3.0,4.0,4.0,4.0,2.0,3.0,3.0,2.0,3.0,2.0,2.0,4.0,5.0,2.0,4.0,4.0,4.0,3.0,3.0,4.0,3.0,3.0,3.0,4.0,4.0,2.0,3.0,3.0,4.0,2.0,3.0,2.0,4.0,4.0,4.0,2.0,3.0,4.0,2.0,3.0,3.0,2.0,2.0,2.0,2.0,3.0,3.0,3.0,4.0,5.0,3.0,2.0,2.0,4.0,4.0,2.0,2.0,2.0,3.0,2.0,3.0,3.0,3.0,4.0,5.0,2.0,3.0,3.0,3.0,4.0,2.0,2.0,2.0,3.0,2.0,2.0,3.0,2.0,4.0,4.0,4.0,2.0,2.0,2.0,2.0,4.0,3.0,2.0,2.0,4.0,4.0,3.0,3.0,4.0,3.0,4.0,1.0,1.0
SOR1629029,AR Örebro samt SDH V Svealand,Dator 01,P51C0001038,307.0,SOR1629029,,1.0,,,,,,,,,,,,,,,,,,,,,,,,,,,,,,,,,,,,,,,,,,,,,,,,,,,,,,,,,,,,,,,,,,,,,,,,,,,,,,,,,,,,,,,,,,,,,,,,,,,,,,,,,,,,,,,,,,,,,,,,,,,,,,,,,,,,,,,,,,,,,,,,,,,,,,,,,,,,,,,,,,,,,,,,,,,,,,,,,,,,,,,,,,,,,,,,,,,,,,,,,,,,,,,,,,,,,,,,,,,,,,,,,,,,,,,,,,,,,,,,,,,,,,,,,,,,,,,,,,,,,,,,,,,,,,,,,,,,,,,,,,,,,,,,,,,,,,,,,,,,,,,,,,,,,,,,,,,,,,,,,,,,,,,,,,,,,,,,,,,,,,,,,,,,,,,,,,,,,,,,,,,,,,,,,,,,,,,,,,,,,,,,,,,,,,,,,,,,,,,,,,,,,,,,,,,,,,,,,,,,,,,,,,,,,,,,,,,,,,,,,,,,,,,,,,,,,,,,,,,,,,,,,,,,,,,,,,,,,,,,,,,,,,,,,,,,,,,,,,,,,,,,,,,,,,,,,,,,,,,,,,,,,,,,,,,,,,,,,,,,,,,,,,,,,,,,,,,,,,,,,,,,,,
SOR1629031,AR Örebro samt SDH V Svealand,Dator 01,P51C0001039,361.0,SOR1629031,,2.0,,2.0,Completed,42493.41905092593,1623.0,359.0,LOCAL,,0.0,,92.0,42.0,103.0,39.0,77.0,35.0,132.0,48.0,112.0,63.0,22.0,60.0,5.0,32.0,12.0,29.0,14.0,46.0,20.0,57.0,19.0,43.0,19.0,44.0,20.0,51.0,27.0,55.0,10.0,35.0,14.0,36.0,13.0,38.0,15.0,32.0,10.0,34.0,12.0,47.0,8.0,27.0,15.0,52.0,17.0,41.0,10.0,22.0,27.0,61.0,28.0,60.0,19.0,49.0,22.0,49.0,26.0,55.0,17.0,54.0,21.0,69.0,27.0,72.0,21.0,64.0,15.0,48.0,11.0,48.0,,,,,,,,,,,,,,,,,,,,,,,,,,,,,,,,,,,,,,,,,,,,,,,,,,,,,,,,,,,,,,,,,,,,,,,,,,,,,,,,,,,,,,,,,,,,,,,,,,,,,,,,,,,,,,,,,,,,,,,,,,,,,,,,,,,,,,,,,,,,,,,,,,,,,,,,,,,,,,,,,,,,,,,,,,,,,,,,,,,,,,,,,,,,,,,,,,,,,,,,,,,,,,,,,,,,,,,,,,,,,,,,,,,,,,,,,,,,,,,,,,,,4.0,3.0,4.0,4.0,3.0,4.0,5.0,5.0,4.0,5.0,2.0,3.0,3.0,1.0,5.0,3.0,4.0,4.0,5.0,4.0,4.0,2.0,3.0,4.0,3.0,1.0,1.0,1.0,4.0,5.0,1.0,4.0,2.0,1.0,2.0,2.0,1.0,3.0,1.0,4.0,5.0,5.0,5.0,5.0,2.0,2.0,3.0,1.0,5.0,2.0,3.0,3.0,2.0,2.0,4.0,3.0,3.0,3.0,2.0,2.0,3.0,5.0,4.0,3.0,4.0,4.0,4.0,5.0,4.0,4.0,2.0,2.0,2.0,3.0,5.0,5.0,2.0,4.0,3.0,5.0,4.0,2.0,4.0,1.0,4.0,3.0,3.0,4.0,5.0,4.0,4.0,3.0,3.0,3.0,3.0,3.0,1.0,2.0,1.0,4.0,5.0,3.0,5.0,5.0,1.0,2.0,1.0,4.0,1.0,3.0,4.0,1.0,2.0,5.0,3.0,4.0,2.0,3.0,1.0,4.0,1.0,2.0,3.0,4.0,4.0,2.0,2.0,5.0,5.0,2.0,5.0,3.0,2.0,1.0,3.0,4.0,4.0,3.0,2.0,4.0,3.0,2.0,3.0,2.0,3.0,2.0,3.0,2.0,4.0,3.0,4.0,2.0,2.0,1.0,5.0,3.0,4.0,3.0,1.0,4.0,4.0,4.0,3.0,4.0,3.0,3.0,2.0,2.0,3.0,3.0,2.0,4.0,1.0,4.0,4.0,4.0,2.0,2.0,3.0,3.0,3.0,2.0,1.0,2.0,3.0,5.0,3.0,1.0,2.0,1.0,5.0,3.0,4.0,4.0,5.0,3.0,1.0,1.0,2.0,3.0,3.0,3.0,3.0,4.0,3.0,4.0,2.0,1.0,5.0,3.0,3.0,4.0,3.0,4.0,5.0,4.0,2.0,1.0,3.0,2.0,3.0,3.0,4.0,5.0,5.0,3.0,1.0,3.0,2.0,2.0,2.0,2.0,2.0,2.0,2.0,2.0,3.0,3.0,4.0,3.0,5.0,1.0,1.0
SOR1629028,AR Örebro samt SDH V Svealand,Dator 01,P51C0001040,236.0,SOR1629028,,2.0,,2.0,Completed,42500.65144675926,1075.0,234.0,LOCAL,,0.0,,119.0,55.0,129.0,54.0,35.0,20.0,85.0,20.0,140.0,75.0,22.0,60.0,26.0,63.0,23.0,53.0,9.0,35.0,19.0,55.0,20.0,46.0,16.0,36.0,28.0,70.0,22.0,42.0,22.0,64.0,10.0,28.0,31.0,73.0,5.0,20.0,3.0,21.0,2.0,29.0,12.0,37.0,7.0,39.0,6.0,20.0,1.0,22.0,20.0,45.0,7.0,21.0,12.0,34.0,27.0,61.0,18.0,33.0,26.0,69.0,21.0,69.0,29.0,75.0,27.0,76.0,14.0,46.0,23.0,75.0,,,,,,,,,,,,,,,,,,,,,,,,,,,,,,,,,,,,,,,,,,,,,,,,,,,,,,,,,,,,,,,,,,,,,,,,,,,,,,,,,,,,,,,,,,,,,,,,,,,,,,,,,,,,,,,,,,,,,,,,,,,,,,,,,,,,,,,,,,,,,,,,,,,,,,,,,,,,,,,,,,,,,,,,,,,,,,,,,,,,,,,,,,,,,,,,,,,,,,,,,,,,,,,,,,,,,,,,,,,,,,,,,,,,,,,,,,,,,,,,,,,,5.0,2.0,5.0,5.0,4.0,4.0,5.0,1.0,3.0,1.0,1.0,2.0,3.0,4.0,3.0,4.0,2.0,4.0,4.0,1.0,3.0,1.0,4.0,3.0,2.0,3.0,4.0,1.0,4.0,2.0,4.0,5.0,4.0,1.0,3.0,2.0,2.0,5.0,3.0,5.0,5.0,4.0,2.0,3.0,1.0,1.0,3.0,2.0,4.0,4.0,4.0,5.0,1.0,4.0,5.0,2.0,2.0,4.0,4.0,5.0,1.0,2.0,5.0,5.0,4.0,3.0,5.0,3.0,4.0,1.0,1.0,1.0,4.0,5.0,5.0,5.0,5.0,5.0,3.0,2.0,4.0,1.0,2.0,1.0,3.0,5.0,5.0,3.0,4.0,1.0,4.0,4.0,3.0,1.0,2.0,3.0,1.0,3.0,4.0,5.0,4.0,5.0,3.0,3.0,5.0,2.0,2.0,4.0,4.0,4.0,4.0,1.0,3.0,3.0,5.0,2.0,2.0,4.0,3.0,5.0,1.0,1.0,4.0,5.0,4.0,3.0,5.0,2.0,3.0,1.0,4.0,1.0,4.0,4.0,3.0,4.0,4.0,5.0,2.0,3.0,4.0,1.0,3.0,1.0,4.0,3.0,4.0,4.0,3.0,1.0,5.0,1.0,3.0,1.0,5.0,2.0,3.0,5.0,1.0,4.0,5.0,5.0,2.0,2.0,4.0,1.0,3.0,4.0,3.0,3.0,4.0,1.0,1.0,5.0,4.0,1.0,1.0,3.0,5.0,5.0,1.0,2.0,1.0,1.0,2.0,4.0,5.0,5.0,1.0,1.0,4.0,1.0,4.0,1.0,5.0,4.0,3.0,4.0,4.0,5.0,1.0,4.0,4.0,5.0,5.0,3.0,4.0,2.0,3.0,5.0,5.0,2.0,3.0,2.0,2.0,4.0,1.0,4.0,3.0,4.0,5.0,5.0,5.0,1.0,4.0,4.0,2.0,5.0,4.0,2.0,4.0,1.0,1.0,1.0,4.0,2.0,2.0,3.0,2.0,5.0,5.0,1.0,1.0
SOR1629034,AR Örebro samt SDH V Svealand,Dator 01,P51C0001041,483.0,SOR1629034,,1.0,,2.0,Completed,42503.52737268519,1557.0,481.0,LOCAL,,0.0,,97.0,48.0,89.0,34.0,84.0,39.0,127.0,51.0,130.0,79.0,17.0,52.0,15.0,52.0,19.0,51.0,11.0,41.0,15.0,49.0,20.0,48.0,15.0,32.0,18.0,49.0,22.0,46.0,13.0,42.0,12.0,33.0,9.0,29.0,22.0,53.0,12.0,40.0,11.0,41.0,13.0,41.0,16.0,51.0,10.0,31.0,16.0,39.0,15.0,39.0,25.0,56.0,21.0,57.0,28.0,66.0,22.0,50.0,24.0,75.0,13.0,53.0,26.0,79.0,23.0,75.0,23.0,72.0,21.0,76.0,,,,,,,,,,,,,,,,,,,,,,,,,,,,,,,,,,,,,,,,,,,,,,,,,,,,,,,,,,,,,,,,,,,,,,,,,,,,,,,,,,,,,,,,,,,,,,,,,,,,,,,,,,,,,,,,,,,,,,,,,,,,,,,,,,,,,,,,,,,,,,,,,,,,,,,,,,,,,,,,,,,,,,,,,,,,,,,,,,,,,,,,,,,,,,,,,,,,,,,,,,,,,,,,,,,,,,,,,,,,,,,,,,,,,,,,,,,,,,,,,,,,1.0,3.0,2.0,3.0,4.0,3.0,4.0,2.0,2.0,3.0,2.0,2.0,2.0,2.0,3.0,4.0,4.0,3.0,4.0,4.0,2.0,3.0,2.0,2.0,3.0,3.0,4.0,3.0,4.0,5.0,3.0,3.0,4.0,4.0,4.0,4.0,2.0,3.0,3.0,4.0,5.0,5.0,1.0,4.0,4.0,3.0,4.0,3.0,4.0,3.0,4.0,2.0,2.0,3.0,3.0,3.0,1.0,4.0,3.0,2.0,2.0,4.0,3.0,4.0,3.0,1.0,3.0,5.0,3.0,3.0,1.0,3.0,2.0,2.0,5.0,5.0,3.0,4.0,5.0,3.0,2.0,4.0,2.0,1.0,3.0,5.0,3.0,3.0,4.0,4.0,5.0,1.0,2.0,2.0,4.0,4.0,4.0,4.0,4.0,4.0,4.0,4.0,3.0,4.0,2.0,3.0,1.0,3.0,2.0,2.0,4.0,4.0,3.0,4.0,4.0,4.0,1.0,4.0,2.0,2.0,2.0,4.0,3.0,4.0,3.0,3.0,4.0,4.0,4.0,3.0,5.0,3.0,3.0,2.0,4.0,4.0,3.0,4.0,4.0,3.0,3.0,3.0,3.0,1.0,3.0,4.0,5.0,3.0,4.0,3.0,4.0,3.0,2.0,4.0,4.0,4.0,1.0,5.0,3.0,3.0,4.0,4.0,1.0,5.0,4.0,2.0,3.0,2.0,3.0,3.0,4.0,3.0,3.0,5.0,5.0,2.0,3.0,4.0,4.0,2.0,3.0,4.0,2.0,4.0,3.0,5.0,2.0,2.0,2.0,3.0,4.0,3.0,4.0,4.0,4.0,4.0,2.0,4.0,3.0,2.0,4.0,3.0,3.0,5.0,4.0,3.0,3.0,2.0,4.0,3.0,4.0,4.0,3.0,3.0,4.0,3.0,2.0,2.0,4.0,3.0,3.0,3.0,3.0,4.0,4.0,4.0,3.0,4.0,2.0,3.0,2.0,2.0,3.0,1.0,3.0,1.0,4.0,3.0,3.0,2.0,4.0,1.0,1.0
SOR1629024,AR Örebro samt SDH V Svealand,Dator 01,P51C0001042,276.0,sor1629024,,1.0,,2.0,Completed,42509.62582175926,1184.0,274.0,LOCAL,,0.0,,89.0,45.0,90.0,35.0,82.0,38.0,102.0,37.0,104.0,66.0,20.0,58.0,8.0,41.0,14.0,39.0,15.0,50.0,13.0,45.0,19.0,45.0,16.0,35.0,17.0,47.0,17.0,34.0,11.0,37.0,13.0,35.0,16.0,43.0,13.0,32.0,12.0,40.0,13.0,45.0,17.0,51.0,14.0,47.0,13.0,37.0,14.0,35.0,16.0,41.0,18.0,37.0,17.0,47.0,20.0,49.0,17.0,37.0,21.0,69.0,13.0,53.0,19.0,64.0,18.0,63.0,14.0,49.0,19.0,72.0,,,,,,,,,,,,,,,,,,,,,,,,,,,,,,,,,,,,,,,,,,,,,,,,,,,,,,,,,,,,,,,,,,,,,,,,,,,,,,,,,,,,,,,,,,,,,,,,,,,,,,,,,,,,,,,,,,,,,,,,,,,,,,,,,,,,,,,,,,,,,,,,,,,,,,,,,,,,,,,,,,,,,,,,,,,,,,,,,,,,,,,,,,,,,,,,,,,,,,,,,,,,,,,,,,,,,,,,,,,,,,,,,,,,,,,,,,,,,,,,,,,,1.0,3.0,4.0,3.0,4.0,2.0,4.0,5.0,2.0,3.0,2.0,3.0,3.0,1.0,3.0,3.0,3.0,4.0,3.0,4.0,3.0,3.0,4.0,2.0,2.0,3.0,2.0,2.0,3.0,3.0,3.0,3.0,3.0,3.0,5.0,3.0,2.0,4.0,3.0,3.0,4.0,3.0,3.0,4.0,2.0,2.0,2.0,2.0,2.0,2.0,2.0,3.0,2.0,4.0,4.0,3.0,2.0,4.0,3.0,2.0,2.0,3.0,3.0,3.0,4.0,2.0,3.0,5.0,1.0,2.0,2.0,1.0,2.0,2.0,1.0,1.0,3.0,3.0,3.0,3.0,2.0,4.0,1.0,2.0,1.0,4.0,4.0,2.0,3.0,3.0,4.0,3.0,2.0,3.0,2.0,2.0,3.0,1.0,3.0,3.0,3.0,3.0,3.0,3.0,1.0,1.0,3.0,1.0,1.0,2.0,2.0,3.0,2.0,2.0,3.0,3.0,2.0,3.0,2.0,3.0,3.0,1.0,3.0,3.0,2.0,2.0,4.0,3.0,3.0,2.0,2.0,2.0,3.0,3.0,3.0,3.0,2.0,2.0,2.0,3.0,4.0,3.0,1.0,1.0,3.0,4.0,3.0,3.0,2.0,2.0,3.0,1.0,3.0,2.0,3.0,2.0,4.0,3.0,3.0,2.0,4.0,3.0,3.0,2.0,3.0,2.0,4.0,4.0,4.0,3.0,3.0,1.0,4.0,2.0,2.0,3.0,2.0,2.0,4.0,3.0,2.0,4.0,2.0,2.0,3.0,2.0,3.0,2.0,1.0,3.0,3.0,2.0,3.0,3.0,3.0,3.0,4.0,3.0,3.0,2.0,3.0,2.0,2.0,3.0,2.0,3.0,2.0,3.0,3.0,3.0,3.0,3.0,2.0,3.0,3.0,2.0,1.0,1.0,2.0,3.0,3.0,2.0,2.0,2.0,3.0,3.0,2.0,2.0,3.0,2.0,3.0,3.0,3.0,2.0,2.0,2.0,2.0,2.0,3.0,3.0,3.0,1.0,1.0
SOR1629038,AR Örebro samt SDH V Svealand,Dator 01,P51C0001043,251.0,SOR1629038,,1.0,,2.0,Completed,42542.55706018519,1351.0,250.0,LOCAL,,0.0,,68.0,35.0,48.0,20.0,64.0,29.0,105.0,39.0,103.0,66.0,6.0,30.0,11.0,45.0,12.0,35.0,12.0,43.0,8.0,37.0,19.0,45.0,12.0,24.0,9.0,28.0,12.0,22.0,6.0,26.0,5.0,21.0,4.0,20.0,10.0,25.0,4.0,25.0,10.0,39.0,11.0,36.0,15.0,49.0,14.0,39.0,15.0,37.0,12.0,33.0,15.0,29.0,15.0,42.0,27.0,64.0,21.0,47.0,17.0,61.0,23.0,76.0,16.0,58.0,11.0,47.0,20.0,64.0,16.0,65.0,,,,,,,,,,,,,,,,,,,,,,,,,,,,,,,,,,,,,,,,,,,,,,,,,,,,,,,,,,,,,,,,,,,,,,,,,,,,,,,,,,,,,,,,,,,,,,,,,,,,,,,,,,,,,,,,,,,,,,,,,,,,,,,,,,,,,,,,,,,,,,,,,,,,,,,,,,,,,,,,,,,,,,,,,,,,,,,,,,,,,,,,,,,,,,,,,,,,,,,,,,,,,,,,,,,,,,,,,,,,,,,,,,,,,,,,,,,,,,,,,,,,3.0,2.0,1.0,3.0,2.0,4.0,5.0,5.0,3.0,5.0,4.0,2.0,3.0,4.0,2.0,3.0,3.0,1.0,5.0,5.0,3.0,1.0,1.0,1.0,1.0,4.0,1.0,3.0,3.0,5.0,3.0,4.0,2.0,3.0,5.0,2.0,1.0,4.0,4.0,2.0,4.0,2.0,2.0,4.0,4.0,1.0,2.0,1.0,4.0,1.0,4.0,1.0,5.0,4.0,4.0,3.0,3.0,5.0,3.0,2.0,4.0,3.0,1.0,3.0,1.0,5.0,5.0,5.0,1.0,2.0,4.0,1.0,4.0,2.0,5.0,1.0,2.0,5.0,5.0,5.0,4.0,4.0,1.0,1.0,1.0,1.0,4.0,3.0,4.0,5.0,2.0,3.0,5.0,2.0,2.0,2.0,2.0,2.0,5.0,1.0,2.0,2.0,4.0,4.0,5.0,4.0,1.0,5.0,4.0,1.0,5.0,2.0,4.0,4.0,4.0,4.0,2.0,3.0,5.0,2.0,2.0,1.0,1.0,4.0,3.0,3.0,5.0,1.0,4.0,4.0,4.0,2.0,2.0,4.0,2.0,2.0,2.0,4.0,2.0,2.0,2.0,2.0,2.0,2.0,2.0,4.0,4.0,4.0,5.0,5.0,2.0,1.0,4.0,4.0,2.0,1.0,1.0,4.0,4.0,2.0,4.0,4.0,4.0,4.0,2.0,2.0,2.0,2.0,5.0,4.0,2.0,1.0,1.0,5.0,5.0,4.0,2.0,2.0,5.0,2.0,1.0,4.0,4.0,4.0,3.0,2.0,3.0,1.0,4.0,5.0,5.0,2.0,1.0,2.0,4.0,1.0,2.0,4.0,4.0,1.0,4.0,4.0,2.0,4.0,4.0,2.0,4.0,1.0,4.0,2.0,4.0,2.0,4.0,2.0,2.0,4.0,2.0,1.0,1.0,2.0,1.0,5.0,2.0,1.0,2.0,1.0,1.0,4.0,2.0,1.0,2.0,2.0,2.0,2.0,2.0,2.0,4.0,2.0,4.0,1.0,5.0,1.0,1.0
