TP,TC,PC,PCode,Alter,PCode2,Geschl,Fragest,Bildungs,aNEFform,aNEFstatus,aNEFdate,aNEFdur,aNEFage,aNEF01P,aNEF01N1,aNEF02P,aNEF02N1,aNEF03P,aNEF03N1,aNEF04P,aNEF04N1,aNEF05P,aNEF05N1,aNEF06P,aNEF06N1,aNEF07P,aNEF07N1,aNEOform,aNEOstatus,aNEOdate,aNEOdur,aNEOage,aNEO01P,aNEO01N1,aNEO02P,aNEO02N1,aNEO03P,aNEO03N1,aNEO04P,aNEO04N1,aNEO05P,aNEO05N1,aNEO06P,aNEO06N1,aNEO07P,aNEO07N1,aNEO08P,aNEO08N1,aNEO09P,aNEO09N1,aNEO0AP,aNEO0AN1,aNEO0BP,aNEO0BN1,aNEO0CP,aNEO0CN1,aNEO0DP,aNEO0DN1,aNEO0EP,aNEO0EN1,aNEO0FP,aNEO0FN1,aNEO0GP,aNEO0GN1,aNEO0HP,aNEO0HN1,aNEO0IP,aNEO0IN1,aNEO0JP,aNEO0JN1,aNEO0KP,aNEO0KN1,aNEO0LP,aNEO0LN1,aNEO0MP,aNEO0MN1,aNEO0NP,aNEO0NN1,aNEO0OP,aNEO0ON1,aNEO0PP,aNEO0PN1,aNEO0QP,aNEO0QN1,aNEO0RP,aNEO0RN1,aNEO0SP,aNEO0SN1,aNEO0TP,aNEO0TN1,aNEO0UP,aNEO0UN1,aNEO0VP,aNEO0VN1,aNEO0WP,aNEO0WN1,aNEO0XP,aNEO0XN1,aNEO0YP,aNEO0YN1,aNEO0ZP,aNEO0ZN1,aNEO10P,aNEO10N1,aNEO11P,aNEO11N1,aNEO1001,aNEO1002,aNEO1003,aNEO1004,aNEO1005,aNEO1006,aNEO1007,aNEO1008,aNEO1009,aNEO1010,aNEO1011,aNEO1012,aNEO1013,aNEO1014,aNEO1015,aNEO1016,aNEO1017,aNEO1018,aNEO1019,aNEO1020,aNEO1021,aNEO1022,aNEO1023,aNEO1024,aNEO1025,aNEO1026,aNEO1027,aNEO1028,aNEO1029,aNEO1030,aNEO1031,aNEO1032,aNEO1033,aNEO1034,aNEO1035,aNEO1036,aNEO1037,aNEO1038,aNEO1039,aNEO1040,aNEO1041,aNEO1042,aNEO1043,aNEO1044,aNEO1045,aNEO1046,aNEO1047,aNEO1048,aNEO1049,aNEO1050,aNEO1051,aNEO1052,aNEO1053,aNEO1054,aNEO1055,aNEO1056,aNEO1057,aNEO1058,aNEO1059,aNEO1060,aNEO1061,aNEO1062,aNEO1063,aNEO1064,aNEO1065,aNEO1066,aNEO1067,aNEO1068,aNEO1069,aNEO1070,aNEO1071,aNEO1072,aNEO1073,aNEO1074,aNEO1075,aNEO1076,aNEO1077,aNEO1078,aNEO1079,aNEO1080,aNEO1081,aNEO1082,aNEO1083,aNEO1084,aNEO1085,aNEO1086,aNEO1087,aNEO1088,aNEO1089,aNEO1090,aNEO1091,aNEO1092,aNEO1093,aNEO1094,aNEO1095,aNEO1096,aNEO1097,aNEO1098,aNEO1099,aNEO1100,aNEO1101,aNEO1102,aNEO1103,aNEO1104,aNEO1105,aNEO1106,aNEO1107,aNEO1108,aNEO1109,aNEO1110,aNEO1111,aNEO1112,aNEO1113,aNEO1114,aNEO1115,aNEO1116,aNEO1117,aNEO1118,aNEO1119,aNEO1120,aNEO1121,aNEO1122,aNEO1123,aNEO1124,aNEO1125,aNEO1126,aNEO1127,aNEO1128,aNEO1129,aNEO1130,aNEO1131,aNEO1132,aNEO1133,aNEO1134,aNEO1135,aNEO1136,aNEO1137,aNEO1138,aNEO1139,aNEO1140,aNEO1141,aNEO1142,aNEO1143,aNEO1144,aNEO1145,aNEO1146,aNEO1147,aNEO1148,aNEO1149,aNEO1150,aNEO1151,aNEO1152,aNEO1153,aNEO1154,aNEO1155,aNEO1156,aNEO1157,aNEO1158,aNEO1159,aNEO1160,aNEO1161,aNEO1162,aNEO1163,aNEO1164,aNEO1165,aNEO1166,aNEO1167,aNEO1168,aNEO1169,aNEO1170,aNEO1171,aNEO1172,aNEO1173,aNEO1174,aNEO1175,aNEO1176,aNEO1177,aNEO1178,aNEO1179,aNEO1180,aNEO1181,aNEO1182,aNEO1183,aNEO1184,aNEO1185,aNEO1186,aNEO1187,aNEO1188,aNEO1189,aNEO1190,aNEO1191,aNEO1192,aNEO1193,aNEO1194,aNEO1195,aNEO1196,aNEO1197,aNEO1198,aNEO1199,aNEO1200,aNEO1201,aNEO1202,aNEO1203,aNEO1204,aNEO1205,aNEO1206,aNEO1207,aNEO1208,aNEO1209,aNEO1210,aNEO1211,aNEO1212,aNEO1213,aNEO1214,aNEO1215,aNEO1216,aNEO1217,aNEO1218,aNEO1219,aNEO1220,aNEO1221,aNEO1222,aNEO1223,aNEO1224,aNEO1225,aNEO1226,aNEO1227,aNEO1228,aNEO1229,aNEO1230,aNEO1231,aNEO1232,aNEO1233,aNEO1234,aNEO1235,aNEO1236,aNEO1237,aNEO1238,aNEO1239,aNEO1240,aNEO1241,aNEO1242,aNEO1243,aNEO2001,aNEO2002,aNEO2003,aNEO2004,aNEO2005,aNEO2006,aNEO2007,aNEO2008,aNEO2009,aNEO2010,aNEO2011,aNEO2012,aNEO2013,aNEO2014,aNEO2015,aNEO2016,aNEO2017,aNEO2018,aNEO2019,aNEO2020,aNEO2021,aNEO2022,aNEO2023,aNEO2024,aNEO2025,aNEO2026,aNEO2027,aNEO2028,aNEO2029,aNEO2030,aNEO2031,aNEO2032,aNEO2033,aNEO2034,aNEO2035,aNEO2036,aNEO2037,aNEO2038,aNEO2039,aNEO2040,aNEO2041,aNEO2042,aNEO2043,aNEO2044,aNEO2045,aNEO2046,aNEO2047,aNEO2048,aNEO2049,aNEO2050,aNEO2051,aNEO2052,aNEO2053,aNEO2054,aNEO2055,aNEO2056,aNEO2057,aNEO2058,aNEO2059,aNEO2060,aNEO2061,aNEO2062,aNEO2063,aNEO2064,aNEO2065,aNEO2066,aNEO2067,aNEO2068,aNEO2069,aNEO2070,aNEO2071,aNEO2072,aNEO2073,aNEO2074,aNEO2075,aNEO2076,aNEO2077,aNEO2078,aNEO2079,aNEO2080,aNEO2081,aNEO2082,aNEO2083,aNEO2084,aNEO2085,aNEO2086,aNEO2087,aNEO2088,aNEO2089,aNEO2090,aNEO2091,aNEO2092,aNEO2093,aNEO2094,aNEO2095,aNEO2096,aNEO2097,aNEO2098,aNEO2099,aNEO2100,aNEO2101,aNEO2102,aNEO2103,aNEO2104,aNEO2105,aNEO2106,aNEO2107,aNEO2108,aNEO2109,aNEO2110,aNEO2111,aNEO2112,aNEO2113,aNEO2114,aNEO2115,aNEO2116,aNEO2117,aNEO2118,aNEO2119,aNEO2120,aNEO2121,aNEO2122,aNEO2123,aNEO2124,aNEO2125,aNEO2126,aNEO2127,aNEO2128,aNEO2129,aNEO2130,aNEO2131,aNEO2132,aNEO2133,aNEO2134,aNEO2135,aNEO2136,aNEO2137,aNEO2138,aNEO2139,aNEO2140,aNEO2141,aNEO2142,aNEO2143,aNEO2144,aNEO2145,aNEO2146,aNEO2147,aNEO2148,aNEO2149,aNEO2150,aNEO2151,aNEO2152,aNEO2153,aNEO2154,aNEO2155,aNEO2156,aNEO2157,aNEO2158,aNEO2159,aNEO2160,aNEO2161,aNEO2162,aNEO2163,aNEO2164,aNEO2165,aNEO2166,aNEO2167,aNEO2168,aNEO2169,aNEO2170,aNEO2171,aNEO2172,aNEO2173,aNEO2174,aNEO2175,aNEO2176,aNEO2177,aNEO2178,aNEO2179,aNEO2180,aNEO2181,aNEO2182,aNEO2183,aNEO2184,aNEO2185,aNEO2186,aNEO2187,aNEO2188,aNEO2189,aNEO2190,aNEO2191,aNEO2192,aNEO2193,aNEO2194,aNEO2195,aNEO2196,aNEO2197,aNEO2198,aNEO2199,aNEO2200,aNEO2201,aNEO2202,aNEO2203,aNEO2204,aNEO2205,aNEO2206,aNEO2207,aNEO2208,aNEO2209,aNEO2210,aNEO2211,aNEO2212,aNEO2213,aNEO2214,aNEO2215,aNEO2216,aNEO2217,aNEO2218,aNEO2219,aNEO2220,aNEO2221,aNEO2222,aNEO2223,aNEO2224,aNEO2225,aNEO2226,aNEO2227,aNEO2228,aNEO2229,aNEO2230,aNEO2231,aNEO2232,aNEO2233,aNEO2234,aNEO2235,aNEO2236,aNEO2237,aNEO2238,aNEO2239,aNEO2240,aNEO2241,aNEO2242,aNEO2243
TP999,Göteborg,Dator 02,P9460001048,410.0,,1.0,,,,,,,,,,,,,,,,,,,,,,,,,,,,,,,,,,,,,,,,,,,,,,,,,,,,,,,,,,,,,,,,,,,,,,,,,,,,,,,,,,,,,,,,,,,,,,,,,,,,,,,,,,,,,,,,,,,,,,,,,,,,,,,,,,,,,,,,,,,,,,,,,,,,,,,,,,,,,,,,,,,,,,,,,,,,,,,,,,,,,,,,,,,,,,,,,,,,,,,,,,,,,,,,,,,,,,,,,,,,,,,,,,,,,,,,,,,,,,,,,,,,,,,,,,,,,,,,,,,,,,,,,,,,,,,,,,,,,,,,,,,,,,,,,,,,,,,,,,,,,,,,,,,,,,,,,,,,,,,,,,,,,,,,,,,,,,,,,,,,,,,,,,,,,,,,,,,,,,,,,,,,,,,,,,,,,,,,,,,,,,,,,,,,,,,,,,,,,,,,,,,,,,,,,,,,,,,,,,,,,,,,,,,,,,,,,,,,,,,,,,,,,,,,,,,,,,,,,,,,,,,,,,,,,,,,,,,,,,,,,,,,,,,,,,,,,,,,,,,,,,,,,,,,,,,,,,,,,,,,,,,,,,,,,,,,,,,,,,,,,,,,,,,,,,,,,,,,,,,,,,,,,,,,,,,,,,,,,,,,,,,,,,
TP999,Göteborg,Dator 02,P87B0001008,497.0,,1.0,,"Higher Education, 1st degree",,,,,,,,,,,,,,,,,,,,,,,,,,,,,,,,,,,,,,,,,,,,,,,,,,,,,,,,,,,,,,,,,,,,,,,,,,,,,,,,,,,,,,,,,,,,,,,,,,,,,,,,,,,,,,,,,,,,,,,,,,,,,,,,,,,,,,,,,,,,,,,,,,,,,,,,,,,,,,,,,,,,,,,,,,,,,,,,,,,,,,,,,,,,,,,,,,,,,,,,,,,,,,,,,,,,,,,,,,,,,,,,,,,,,,,,,,,,,,,,,,,,,,,,,,,,,,,,,,,,,,,,,,,,,,,,,,,,,,,,,,,,,,,,,,,,,,,,,,,,,,,,,,,,,,,,,,,,,,,,,,,,,,,,,,,,,,,,,,,,,,,,,,,,,,,,,,,,,,,,,,,,,,,,,,,,,,,,,,,,,,,,,,,,,,,,,,,,,,,,,,,,,,,,,,,,,,,,,,,,,,,,,,,,,,,,,,,,,,,,,,,,,,,,,,,,,,,,,,,,,,,,,,,,,,,,,,,,,,,,,,,,,,,,,,,,,,,,,,,,,,,,,,,,,,,,,,,,,,,,,,,,,,,,,,,,,,,,,,,,,,,,,,,,,,,,,,,,,,,,,,,,,,,,,,,,,,,,,,,,,,,,
TP999,Göteborg,Dator 02,P8FB0001001,12022.0,,2.0,,,,,,,,,,,,,,,,,,,,,,,,,,,,,,,,,,,,,,,,,,,,,,,,,,,,,,,,,,,,,,,,,,,,,,,,,,,,,,,,,,,,,,,,,,,,,,,,,,,,,,,,,,,,,,,,,,,,,,,,,,,,,,,,,,,,,,,,,,,,,,,,,,,,,,,,,,,,,,,,,,,,,,,,,,,,,,,,,,,,,,,,,,,,,,,,,,,,,,,,,,,,,,,,,,,,,,,,,,,,,,,,,,,,,,,,,,,,,,,,,,,,,,,,,,,,,,,,,,,,,,,,,,,,,,,,,,,,,,,,,,,,,,,,,,,,,,,,,,,,,,,,,,,,,,,,,,,,,,,,,,,,,,,,,,,,,,,,,,,,,,,,,,,,,,,,,,,,,,,,,,,,,,,,,,,,,,,,,,,,,,,,,,,,,,,,,,,,,,,,,,,,,,,,,,,,,,,,,,,,,,,,,,,,,,,,,,,,,,,,,,,,,,,,,,,,,,,,,,,,,,,,,,,,,,,,,,,,,,,,,,,,,,,,,,,,,,,,,,,,,,,,,,,,,,,,,,,,,,,,,,,,,,,,,,,,,,,,,,,,,,,,,,,,,,,,,,,,,,,,,,,,,,,,,,,,,,,,,,,,,,,,,,
TP999,Göteborg,Dator 02,P8FB0001002,503.0,,1.0,,,,,,,,,,,,,,,,,,,,,,2.0,Completed,41543.551666666666,1094.0,469.0,LOCAL,,0.0,,82.0,41.0,118.0,49.0,75.0,35.0,138.0,58.0,129.0,79.0,22.0,62.0,5.0,36.0,16.0,44.0,7.0,33.0,10.0,40.0,22.0,54.0,19.0,43.0,22.0,58.0,24.0,50.0,15.0,46.0,16.0,41.0,22.0,56.0,13.0,32.0,12.0,40.0,14.0,47.0,15.0,46.0,13.0,45.0,8.0,28.0,17.0,42.0,26.0,61.0,25.0,56.0,19.0,52.0,28.0,66.0,23.0,52.0,25.0,77.0,17.0,62.0,29.0,80.0,26.0,80.0,14.0,49.0,18.0,69.0,,,,,,,,,,,,,,,,,,,,,,,,,,,,,,,,,,,,,,,,,,,,,,,,,,,,,,,,,,,,,,,,,,,,,,,,,,,,,,,,,,,,,,,,,,,,,,,,,,,,,,,,,,,,,,,,,,,,,,,,,,,,,,,,,,,,,,,,,,,,,,,,,,,,,,,,,,,,,,,,,,,,,,,,,,,,,,,,,,,,,,,,,,,,,,,,,,,,,,,,,,,,,,,,,,,,,,,,,,,,,,,,,,,,,,,,,,,,,,,,,,,,2.0,3.0,4.0,4.0,4.0,4.0,4.0,5.0,3.0,1.0,1.0,2.0,3.0,1.0,5.0,4.0,3.0,4.0,5.0,3.0,4.0,1.0,2.0,1.0,3.0,5.0,5.0,2.0,5.0,4.0,4.0,4.0,2.0,4.0,2.0,4.0,2.0,4.0,1.0,5.0,5.0,5.0,4.0,5.0,2.0,1.0,4.0,3.0,3.0,2.0,3.0,4.0,3.0,5.0,3.0,3.0,2.0,4.0,2.0,4.0,2.0,4.0,4.0,4.0,4.0,3.0,4.0,5.0,4.0,2.0,1.0,4.0,4.0,2.0,5.0,5.0,3.0,3.0,4.0,4.0,2.0,2.0,2.0,2.0,3.0,4.0,3.0,2.0,3.0,3.0,4.0,2.0,2.0,4.0,3.0,3.0,3.0,1.0,1.0,5.0,4.0,3.0,2.0,4.0,3.0,1.0,2.0,1.0,3.0,3.0,4.0,2.0,5.0,5.0,3.0,4.0,3.0,4.0,3.0,4.0,1.0,2.0,4.0,3.0,4.0,2.0,4.0,5.0,5.0,4.0,4.0,4.0,4.0,3.0,4.0,5.0,4.0,5.0,3.0,5.0,4.0,3.0,3.0,2.0,4.0,4.0,4.0,4.0,4.0,2.0,4.0,1.0,3.0,3.0,5.0,3.0,5.0,3.0,2.0,3.0,5.0,3.0,3.0,4.0,3.0,2.0,4.0,1.0,3.0,4.0,2.0,3.0,3.0,4.0,4.0,3.0,2.0,4.0,4.0,4.0,2.0,2.0,2.0,4.0,3.0,5.0,4.0,1.0,2.0,4.0,5.0,2.0,2.0,4.0,4.0,3.0,3.0,4.0,4.0,4.0,2.0,2.0,2.0,4.0,3.0,3.0,5.0,2.0,4.0,5.0,4.0,3.0,3.0,3.0,4.0,3.0,2.0,1.0,2.0,2.0,4.0,3.0,2.0,4.0,4.0,3.0,2.0,4.0,2.0,4.0,3.0,4.0,2.0,1.0,3.0,4.0,2.0,2.0,4.0,4.0,5.0,1.0,1.0
TP999,Göteborg,Dator 02,P8FB0001003,12021.0,,1.0,,,,,,,,,,,,,,,,,,,,,,2.0,Completed,41561.59730324074,1494.0,11988.0,LOCAL,,0.0,,128.0,63.0,127.0,53.0,132.0,63.0,127.0,51.0,93.0,61.0,26.0,70.0,22.0,63.0,25.0,64.0,8.0,35.0,27.0,68.0,20.0,48.0,23.0,54.0,19.0,51.0,27.0,57.0,15.0,46.0,20.0,50.0,23.0,58.0,28.0,68.0,22.0,58.0,17.0,52.0,15.0,46.0,21.0,61.0,29.0,66.0,21.0,51.0,24.0,57.0,28.0,65.0,18.0,49.0,16.0,41.0,20.0,45.0,22.0,71.0,13.0,53.0,14.0,54.0,15.0,56.0,16.0,54.0,13.0,57.0,,,,,,,,,,,,,,,,,,,,,,,,,,,,,,,,,,,,,,,,,,,,,,,,,,,,,,,,,,,,,,,,,,,,,,,,,,,,,,,,,,,,,,,,,,,,,,,,,,,,,,,,,,,,,,,,,,,,,,,,,,,,,,,,,,,,,,,,,,,,,,,,,,,,,,,,,,,,,,,,,,,,,,,,,,,,,,,,,,,,,,,,,,,,,,,,,,,,,,,,,,,,,,,,,,,,,,,,,,,,,,,,,,,,,,,,,,,,,,,,,,,,1.0,4.0,5.0,3.0,4.0,2.0,3.0,1.0,1.0,1.0,2.0,3.0,5.0,1.0,4.0,2.0,4.0,3.0,4.0,4.0,4.0,1.0,4.0,4.0,3.0,3.0,1.0,3.0,4.0,3.0,4.0,1.0,2.0,4.0,1.0,3.0,3.0,5.0,1.0,3.0,4.0,4.0,3.0,5.0,2.0,3.0,4.0,1.0,4.0,1.0,3.0,1.0,1.0,2.0,3.0,4.0,5.0,3.0,3.0,3.0,3.0,5.0,4.0,2.0,5.0,2.0,3.0,5.0,5.0,2.0,3.0,3.0,4.0,1.0,5.0,4.0,2.0,4.0,2.0,4.0,4.0,4.0,5.0,4.0,4.0,3.0,2.0,2.0,4.0,2.0,2.0,1.0,3.0,4.0,1.0,2.0,4.0,1.0,1.0,5.0,1.0,2.0,2.0,5.0,2.0,3.0,3.0,3.0,3.0,3.0,5.0,3.0,2.0,5.0,3.0,3.0,4.0,4.0,4.0,4.0,2.0,5.0,5.0,3.0,3.0,1.0,3.0,1.0,5.0,3.0,2.0,3.0,4.0,1.0,5.0,3.0,2.0,5.0,3.0,4.0,3.0,4.0,5.0,4.0,5.0,3.0,1.0,4.0,4.0,2.0,4.0,4.0,2.0,3.0,4.0,3.0,5.0,5.0,1.0,1.0,3.0,3.0,2.0,3.0,3.0,4.0,2.0,1.0,3.0,3.0,2.0,4.0,2.0,2.0,2.0,4.0,4.0,4.0,4.0,5.0,3.0,4.0,1.0,4.0,4.0,4.0,1.0,4.0,2.0,3.0,3.0,3.0,4.0,4.0,5.0,3.0,2.0,4.0,1.0,5.0,3.0,3.0,4.0,5.0,2.0,4.0,1.0,1.0,4.0,4.0,5.0,4.0,2.0,4.0,3.0,2.0,4.0,4.0,4.0,3.0,2.0,2.0,5.0,4.0,5.0,3.0,2.0,3.0,2.0,5.0,2.0,5.0,4.0,2.0,2.0,3.0,5.0,3.0,3.0,4.0,5.0,1.0,1.0
TP999,Göteborg,Dator 02,P8FB0001004,12020.0,,2.0,,,,,,,,,,,,,,,,,,,,,,2.0,Completed,41582.55295138889,1460.0,11988.0,LOCAL,,0.0,,113.0,52.0,121.0,49.0,110.0,51.0,150.0,60.0,47.0,35.0,14.0,45.0,20.0,54.0,25.0,57.0,11.0,39.0,19.0,55.0,24.0,57.0,21.0,49.0,19.0,49.0,27.0,55.0,14.0,44.0,20.0,49.0,20.0,52.0,24.0,53.0,20.0,51.0,12.0,47.0,15.0,44.0,11.0,46.0,28.0,61.0,26.0,60.0,22.0,50.0,30.0,66.0,23.0,58.0,22.0,49.0,27.0,58.0,9.0,41.0,7.0,39.0,10.0,42.0,8.0,38.0,6.0,29.0,7.0,40.0,,,,,,,,,,,,,,,,,,,,,,,,,,,,,,,,,,,,,,,,,,,,,,,,,,,,,,,,,,,,,,,,,,,,,,,,,,,,,,,,,,,,,,,,,,,,,,,,,,,,,,,,,,,,,,,,,,,,,,,,,,,,,,,,,,,,,,,,,,,,,,,,,,,,,,,,,,,,,,,,,,,,,,,,,,,,,,,,,,,,,,,,,,,,,,,,,,,,,,,,,,,,,,,,,,,,,,,,,,,,,,,,,,,,,,,,,,,,,,,,,,,,3.0,3.0,4.0,2.0,4.0,2.0,2.0,3.0,4.0,2.0,4.0,3.0,2.0,1.0,4.0,1.0,5.0,1.0,4.0,4.0,4.0,2.0,3.0,4.0,4.0,2.0,1.0,3.0,4.0,3.0,1.0,2.0,4.0,5.0,3.0,4.0,3.0,5.0,1.0,4.0,2.0,4.0,1.0,5.0,1.0,4.0,3.0,2.0,3.0,3.0,2.0,5.0,3.0,4.0,2.0,4.0,4.0,4.0,3.0,4.0,4.0,4.0,3.0,2.0,4.0,1.0,3.0,2.0,4.0,3.0,4.0,1.0,4.0,1.0,5.0,1.0,1.0,4.0,4.0,2.0,3.0,1.0,4.0,3.0,4.0,4.0,1.0,2.0,5.0,4.0,3.0,1.0,4.0,5.0,4.0,4.0,3.0,2.0,4.0,1.0,1.0,3.0,2.0,5.0,1.0,3.0,3.0,1.0,1.0,3.0,1.0,1.0,4.0,5.0,3.0,5.0,4.0,5.0,1.0,3.0,4.0,4.0,1.0,3.0,5.0,1.0,1.0,3.0,4.0,2.0,3.0,4.0,4.0,1.0,4.0,2.0,4.0,3.0,5.0,5.0,3.0,4.0,4.0,4.0,4.0,3.0,1.0,4.0,4.0,3.0,2.0,4.0,3.0,4.0,2.0,4.0,4.0,5.0,2.0,4.0,3.0,4.0,1.0,4.0,3.0,5.0,4.0,1.0,4.0,5.0,1.0,1.0,1.0,5.0,4.0,5.0,3.0,5.0,5.0,4.0,3.0,4.0,1.0,5.0,3.0,4.0,3.0,3.0,2.0,4.0,4.0,3.0,5.0,5.0,5.0,1.0,3.0,3.0,3.0,3.0,1.0,3.0,3.0,4.0,4.0,5.0,1.0,2.0,5.0,4.0,1.0,4.0,4.0,4.0,4.0,1.0,3.0,3.0,3.0,1.0,1.0,4.0,4.0,4.0,4.0,5.0,2.0,4.0,1.0,1.0,5.0,2.0,3.0,1.0,5.0,5.0,5.0,1.0,4.0,5.0,5.0,1.0,1.0
TP999,Göteborg,Dator 02,P8FB0001005,12020.0,,2.0,,,,,,,,,,,,,,,,,,,,,,,,,,,,,,,,,,,,,,,,,,,,,,,,,,,,,,,,,,,,,,,,,,,,,,,,,,,,,,,,,,,,,,,,,,,,,,,,,,,,,,,,,,,,,,,,,,,,,,,,,,,,,,,,,,,,,,,,,,,,,,,,,,,,,,,,,,,,,,,,,,,,,,,,,,,,,,,,,,,,,,,,,,,,,,,,,,,,,,,,,,,,,,,,,,,,,,,,,,,,,,,,,,,,,,,,,,,,,,,,,,,,,,,,,,,,,,,,,,,,,,,,,,,,,,,,,,,,,,,,,,,,,,,,,,,,,,,,,,,,,,,,,,,,,,,,,,,,,,,,,,,,,,,,,,,,,,,,,,,,,,,,,,,,,,,,,,,,,,,,,,,,,,,,,,,,,,,,,,,,,,,,,,,,,,,,,,,,,,,,,,,,,,,,,,,,,,,,,,,,,,,,,,,,,,,,,,,,,,,,,,,,,,,,,,,,,,,,,,,,,,,,,,,,,,,,,,,,,,,,,,,,,,,,,,,,,,,,,,,,,,,,,,,,,,,,,,,,,,,,,,,,,,,,,,,,,,,,,,,,,,,,,,,,,,,,,,,,,,,,,,,,,,,,,,,,,,,,,,,,,,,,,,
SGO1419124,Göteborg,Dator 02,P8FB0001006,12018.0,,2.0,,,,,,,,,,,,,,,,,,,,,,2.0,Completed,41656.54549768518,1708.0,11988.0,LOCAL,,0.0,,147.0,68.0,129.0,54.0,89.0,40.0,125.0,44.0,129.0,70.0,25.0,66.0,31.0,71.0,29.0,66.0,17.0,52.0,20.0,57.0,25.0,60.0,18.0,42.0,20.0,51.0,28.0,57.0,22.0,64.0,22.0,53.0,19.0,50.0,19.0,41.0,12.0,37.0,10.0,43.0,18.0,52.0,10.0,44.0,20.0,46.0,13.0,29.0,23.0,52.0,22.0,42.0,21.0,54.0,21.0,47.0,25.0,52.0,31.0,77.0,19.0,65.0,25.0,68.0,18.0,58.0,16.0,51.0,20.0,68.0,,,,,,,,,,,,,,,,,,,,,,,,,,,,,,,,,,,,,,,,,,,,,,,,,,,,,,,,,,,,,,,,,,,,,,,,,,,,,,,,,,,,,,,,,,,,,,,,,,,,,,,,,,,,,,,,,,,,,,,,,,,,,,,,,,,,,,,,,,,,,,,,,,,,,,,,,,,,,,,,,,,,,,,,,,,,,,,,,,,,,,,,,,,,,,,,,,,,,,,,,,,,,,,,,,,,,,,,,,,,,,,,,,,,,,,,,,,,,,,,,,,,1.0,3.0,5.0,4.0,3.0,3.0,4.0,1.0,4.0,3.0,2.0,2.0,3.0,2.0,5.0,3.0,1.0,3.0,4.0,2.0,2.0,2.0,4.0,1.0,5.0,4.0,1.0,1.0,5.0,5.0,4.0,3.0,1.0,2.0,2.0,2.0,2.0,5.0,2.0,4.0,4.0,4.0,1.0,4.0,2.0,3.0,4.0,3.0,3.0,3.0,3.0,3.0,2.0,3.0,3.0,3.0,5.0,3.0,2.0,4.0,1.0,4.0,5.0,3.0,3.0,3.0,3.0,1.0,4.0,3.0,2.0,3.0,5.0,1.0,5.0,4.0,2.0,3.0,4.0,2.0,3.0,3.0,4.0,2.0,3.0,5.0,5.0,2.0,3.0,3.0,5.0,1.0,2.0,3.0,2.0,2.0,3.0,5.0,1.0,5.0,5.0,4.0,1.0,4.0,1.0,3.0,1.0,3.0,2.0,4.0,4.0,4.0,3.0,4.0,2.0,3.0,3.0,4.0,2.0,4.0,1.0,3.0,4.0,3.0,3.0,1.0,4.0,1.0,4.0,5.0,5.0,2.0,5.0,2.0,4.0,3.0,3.0,3.0,3.0,2.0,3.0,2.0,3.0,2.0,3.0,3.0,3.0,2.0,4.0,2.0,5.0,3.0,3.0,3.0,4.0,3.0,3.0,5.0,2.0,4.0,3.0,4.0,1.0,3.0,4.0,1.0,3.0,3.0,3.0,4.0,1.0,1.0,3.0,3.0,2.0,2.0,3.0,4.0,4.0,4.0,1.0,3.0,1.0,2.0,3.0,5.0,3.0,5.0,3.0,1.0,5.0,2.0,4.0,3.0,5.0,3.0,3.0,3.0,2.0,3.0,3.0,4.0,3.0,2.0,2.0,4.0,2.0,1.0,5.0,4.0,5.0,3.0,4.0,3.0,4.0,4.0,2.0,4.0,3.0,3.0,3.0,3.0,5.0,3.0,4.0,2.0,3.0,2.0,2.0,4.0,3.0,1.0,4.0,2.0,4.0,2.0,4.0,2.0,4.0,3.0,5.0,1.0,1.0
TP999,Göteborg,Dator 02,P8FB0001007,12018.0,,1.0,,,,,,,,,,,,,,,,,,,,,,2.0,Completed,41660.56853009259,1896.0,11988.0,LOCAL,,0.0,,106.0,53.0,85.0,32.0,125.0,59.0,125.0,50.0,105.0,67.0,21.0,60.0,19.0,58.0,20.0,53.0,9.0,37.0,12.0,44.0,25.0,62.0,12.0,24.0,18.0,49.0,23.0,48.0,10.0,35.0,11.0,31.0,11.0,33.0,24.0,58.0,29.0,71.0,28.0,73.0,10.0,34.0,16.0,51.0,18.0,46.0,12.0,30.0,18.0,45.0,27.0,62.0,16.0,44.0,32.0,74.0,20.0,45.0,16.0,59.0,14.0,56.0,25.0,77.0,12.0,49.0,22.0,69.0,16.0,65.0,,,,,,,,,,,,,,,,,,,,,,,,,,,,,,,,,,,,,,,,,,,,,,,,,,,,,,,,,,,,,,,,,,,,,,,,,,,,,,,,,,,,,,,,,,,,,,,,,,,,,,,,,,,,,,,,,,,,,,,,,,,,,,,,,,,,,,,,,,,,,,,,,,,,,,,,,,,,,,,,,,,,,,,,,,,,,,,,,,,,,,,,,,,,,,,,,,,,,,,,,,,,,,,,,,,,,,,,,,,,,,,,,,,,,,,,,,,,,,,,,,,,3.0,2.0,4.0,2.0,2.0,2.0,1.0,4.0,4.0,1.0,2.0,4.0,3.0,2.0,5.0,2.0,5.0,5.0,5.0,2.0,2.0,2.0,1.0,1.0,3.0,2.0,1.0,2.0,3.0,5.0,3.0,3.0,2.0,2.0,1.0,4.0,5.0,5.0,2.0,2.0,5.0,1.0,3.0,4.0,3.0,4.0,4.0,4.0,3.0,1.0,2.0,2.0,2.0,5.0,4.0,3.0,4.0,5.0,2.0,3.0,4.0,5.0,4.0,4.0,2.0,3.0,1.0,4.0,2.0,3.0,2.0,5.0,4.0,2.0,5.0,1.0,2.0,4.0,3.0,5.0,2.0,5.0,1.0,1.0,2.0,2.0,4.0,1.0,4.0,5.0,1.0,1.0,3.0,4.0,4.0,3.0,5.0,1.0,4.0,5.0,5.0,2.0,2.0,5.0,1.0,3.0,1.0,4.0,4.0,3.0,5.0,1.0,3.0,5.0,5.0,3.0,2.0,4.0,4.0,2.0,1.0,5.0,1.0,4.0,2.0,3.0,2.0,2.0,5.0,4.0,4.0,4.0,4.0,2.0,5.0,5.0,4.0,4.0,1.0,2.0,4.0,3.0,1.0,1.0,4.0,4.0,5.0,1.0,4.0,4.0,3.0,4.0,2.0,2.0,4.0,4.0,4.0,5.0,2.0,4.0,5.0,1.0,2.0,5.0,3.0,3.0,2.0,1.0,3.0,2.0,5.0,1.0,3.0,5.0,3.0,2.0,4.0,3.0,3.0,2.0,4.0,4.0,1.0,2.0,1.0,5.0,1.0,4.0,4.0,5.0,4.0,4.0,4.0,4.0,3.0,2.0,1.0,5.0,2.0,1.0,5.0,,3.0,5.0,4.0,3.0,2.0,1.0,4.0,5.0,5.0,4.0,2.0,2.0,4.0,2.0,4.0,4.0,3.0,2.0,2.0,1.0,2.0,5.0,2.0,2.0,3.0,4.0,3.0,2.0,3.0,1.0,4.0,1.0,2.0,3.0,4.0,4.0,4.0,3.0,5.0,2.0,1.0
SGO1419094,Göteborg,Dator 02,P8FB0001008,12017.0,,1.0,,,,,,,,,,,,,,,,,,,,,,2.0,Completed,41673.57173611111,2251.0,11988.0,LOCAL,,0.0,,112.0,56.0,121.0,50.0,105.0,49.0,141.0,60.0,98.0,63.0,16.0,50.0,16.0,53.0,31.0,78.0,19.0,59.0,6.0,34.0,24.0,59.0,22.0,51.0,16.0,44.0,27.0,57.0,17.0,50.0,17.0,43.0,22.0,56.0,26.0,63.0,24.0,62.0,9.0,37.0,11.0,36.0,14.0,47.0,21.0,52.0,20.0,49.0,19.0,47.0,32.0,76.0,20.0,54.0,22.0,54.0,28.0,65.0,21.0,69.0,13.0,53.0,19.0,64.0,15.0,56.0,14.0,49.0,16.0,65.0,,,,,,,,,,,,,,,,,,,,,,,,,,,,,,,,,,,,,,,,,,,,,,,,,,,,,,,,,,,,,,,,,,,,,,,,,,,,,,,,,,,,,,,,,,,,,,,,,,,,,,,,,,,,,,,,,,,,,,,,,,,,,,,,,,,,,,,,,,,,,,,,,,,,,,,,,,,,,,,,,,,,,,,,,,,,,,,,,,,,,,,,,,,,,,,,,,,,,,,,,,,,,,,,,,,,,,,,,,,,,,,,,,,,,,,,,,,,,,,,,,,,3.0,4.0,4.0,4.0,3.0,3.0,2.0,2.0,1.0,2.0,2.0,1.0,5.0,1.0,4.0,2.0,4.0,4.0,5.0,2.0,4.0,2.0,1.0,4.0,2.0,4.0,1.0,1.0,5.0,2.0,4.0,2.0,2.0,4.0,1.0,4.0,4.0,5.0,1.0,4.0,4.0,4.0,1.0,5.0,1.0,2.0,3.0,4.0,4.0,2.0,4.0,5.0,5.0,4.0,4.0,4.0,4.0,2.0,2.0,5.0,4.0,5.0,3.0,2.0,4.0,1.0,1.0,4.0,2.0,4.0,4.0,2.0,5.0,1.0,5.0,4.0,4.0,4.0,4.0,4.0,2.0,2.0,2.0,1.0,4.0,4.0,4.0,1.0,5.0,4.0,3.0,2.0,4.0,4.0,2.0,2.0,5.0,5.0,2.0,4.0,2.0,4.0,1.0,5.0,1.0,4.0,2.0,4.0,2.0,4.0,3.0,1.0,4.0,5.0,5.0,2.0,4.0,4.0,1.0,4.0,2.0,5.0,1.0,4.0,2.0,1.0,4.0,5.0,5.0,4.0,4.0,2.0,4.0,1.0,5.0,3.0,4.0,2.0,4.0,4.0,2.0,2.0,2.0,3.0,4.0,4.0,4.0,1.0,5.0,2.0,5.0,4.0,4.0,4.0,2.0,4.0,4.0,5.0,1.0,5.0,3.0,2.0,1.0,5.0,2.0,4.0,2.0,2.0,4.0,4.0,1.0,5.0,4.0,2.0,2.0,4.0,4.0,4.0,4.0,4.0,2.0,4.0,2.0,4.0,4.0,4.0,2.0,1.0,2.0,4.0,4.0,2.0,5.0,5.0,4.0,4.0,2.0,1.0,4.0,4.0,2.0,4.0,2.0,4.0,2.0,4.0,2.0,1.0,4.0,4.0,4.0,4.0,2.0,4.0,4.0,4.0,4.0,1.0,5.0,5.0,4.0,4.0,5.0,5.0,5.0,2.0,4.0,2.0,1.0,3.0,4.0,1.0,2.0,1.0,4.0,4.0,4.0,4.0,4.0,3.0,5.0,1.0,1.0
TP999,Göteborg,Dator 02,P8FB0001009,12017.0,,1.0,,,,,,,,,,,,,,,,,,,,,,,,,,,,,,,,,,,,,,,,,,,,,,,,,,,,,,,,,,,,,,,,,,,,,,,,,,,,,,,,,,,,,,,,,,,,,,,,,,,,,,,,,,,,,,,,,,,,,,,,,,,,,,,,,,,,,,,,,,,,,,,,,,,,,,,,,,,,,,,,,,,,,,,,,,,,,,,,,,,,,,,,,,,,,,,,,,,,,,,,,,,,,,,,,,,,,,,,,,,,,,,,,,,,,,,,,,,,,,,,,,,,,,,,,,,,,,,,,,,,,,,,,,,,,,,,,,,,,,,,,,,,,,,,,,,,,,,,,,,,,,,,,,,,,,,,,,,,,,,,,,,,,,,,,,,,,,,,,,,,,,,,,,,,,,,,,,,,,,,,,,,,,,,,,,,,,,,,,,,,,,,,,,,,,,,,,,,,,,,,,,,,,,,,,,,,,,,,,,,,,,,,,,,,,,,,,,,,,,,,,,,,,,,,,,,,,,,,,,,,,,,,,,,,,,,,,,,,,,,,,,,,,,,,,,,,,,,,,,,,,,,,,,,,,,,,,,,,,,,,,,,,,,,,,,,,,,,,,,,,,,,,,,,,,,,,,,,,,,,,,,,,,,,,,,,,,,,,,,,,,,,,,,
TP999,Göteborg,Dator 02,P8FB0001011,12016.0,,2.0,,,,,,,,,,,,,,,,,,,,,,2.0,Completed,41725.43199074074,994.0,11988.0,LOCAL,,0.0,,128.0,59.0,124.0,51.0,81.0,37.0,139.0,53.0,117.0,65.0,21.0,58.0,25.0,62.0,24.0,55.0,20.0,58.0,20.0,57.0,18.0,40.0,20.0,47.0,22.0,56.0,25.0,50.0,13.0,42.0,27.0,63.0,17.0,46.0,19.0,41.0,12.0,37.0,10.0,43.0,16.0,47.0,6.0,37.0,18.0,42.0,20.0,45.0,27.0,61.0,23.0,45.0,24.0,60.0,24.0,54.0,21.0,41.0,25.0,67.0,13.0,52.0,26.0,70.0,19.0,60.0,19.0,57.0,15.0,57.0,,,,,,,,,,,,,,,,,,,,,,,,,,,,,,,,,,,,,,,,,,,,,,,,,,,,,,,,,,,,,,,,,,,,,,,,,,,,,,,,,,,,,,,,,,,,,,,,,,,,,,,,,,,,,,,,,,,,,,,,,,,,,,,,,,,,,,,,,,,,,,,,,,,,,,,,,,,,,,,,,,,,,,,,,,,,,,,,,,,,,,,,,,,,,,,,,,,,,,,,,,,,,,,,,,,,,,,,,,,,,,,,,,,,,,,,,,,,,,,,,,,,1.0,3.0,4.0,2.0,3.0,2.0,3.0,1.0,5.0,2.0,1.0,2.0,4.0,2.0,5.0,2.0,4.0,3.0,5.0,2.0,2.0,1.0,2.0,2.0,5.0,1.0,2.0,3.0,4.0,4.0,4.0,3.0,2.0,4.0,1.0,3.0,1.0,4.0,1.0,4.0,4.0,4.0,2.0,5.0,2.0,3.0,4.0,4.0,2.0,2.0,3.0,5.0,2.0,2.0,2.0,3.0,3.0,4.0,2.0,4.0,3.0,3.0,4.0,1.0,4.0,2.0,4.0,2.0,3.0,1.0,1.0,2.0,4.0,2.0,5.0,2.0,2.0,4.0,4.0,4.0,2.0,1.0,5.0,1.0,5.0,4.0,4.0,1.0,2.0,4.0,4.0,2.0,2.0,4.0,2.0,2.0,3.0,5.0,2.0,4.0,4.0,4.0,2.0,4.0,1.0,1.0,1.0,5.0,1.0,3.0,4.0,5.0,3.0,4.0,1.0,4.0,3.0,3.0,3.0,4.0,1.0,4.0,3.0,4.0,2.0,2.0,4.0,2.0,5.0,1.0,5.0,4.0,4.0,2.0,5.0,4.0,2.0,2.0,3.0,5.0,3.0,3.0,4.0,2.0,4.0,4.0,4.0,4.0,4.0,3.0,4.0,4.0,3.0,4.0,3.0,4.0,4.0,4.0,1.0,2.0,3.0,4.0,2.0,3.0,3.0,3.0,4.0,3.0,3.0,5.0,1.0,1.0,2.0,3.0,2.0,4.0,3.0,3.0,4.0,2.0,1.0,3.0,2.0,3.0,3.0,4.0,3.0,3.0,1.0,5.0,4.0,2.0,4.0,3.0,4.0,4.0,2.0,2.0,3.0,3.0,4.0,4.0,4.0,5.0,2.0,3.0,1.0,2.0,4.0,4.0,3.0,3.0,3.0,2.0,4.0,2.0,2.0,4.0,3.0,1.0,4.0,4.0,4.0,4.0,2.0,4.0,3.0,3.0,1.0,1.0,2.0,2.0,2.0,1.0,4.0,2.0,4.0,4.0,4.0,4.0,4.0,1.0,1.0
SGO1429217,Göteborg,Dator 02,P8FB0001015,12015.0,SGO1429217,2.0,,,,,,,,,,,,,,,,,,,,,,2.0,Completed,41743.55778935185,1848.0,11988.0,LOCAL,,0.0,,130.0,60.0,134.0,57.0,76.0,34.0,123.0,43.0,98.0,57.0,15.0,47.0,22.0,57.0,29.0,66.0,12.0,41.0,30.0,76.0,22.0,52.0,23.0,54.0,25.0,63.0,29.0,60.0,23.0,66.0,16.0,40.0,18.0,48.0,14.0,30.0,6.0,26.0,12.0,47.0,17.0,49.0,15.0,52.0,12.0,31.0,17.0,38.0,25.1,58.0,23.0,45.0,10.0,30.0,24.0,54.0,24.0,50.0,19.0,57.0,17.0,60.0,19.0,58.0,14.0,50.0,13.0,44.0,16.0,60.0,,,,,,,,,,,,,,,,,,,,,,,,,,,,,,,,,,,,,,,,,,,,,,,,,,,,,,,,,,,,,,,,,,,,,,,,,,,,,,,,,,,,,,,,,,,,,,,,,,,,,,,,,,,,,,,,,,,,,,,,,,,,,,,,,,,,,,,,,,,,,,,,,,,,,,,,,,,,,,,,,,,,,,,,,,,,,,,,,,,,,,,,,,,,,,,,,,,,,,,,,,,,,,,,,,,,,,,,,,,,,,,,,,,,,,,,,,,,,,,,,,,,1.0,3.0,3.0,3.0,4.0,3.0,5.0,1.0,,2.0,2.0,2.0,4.0,3.0,5.0,3.0,3.0,4.0,3.0,3.0,4.0,3.0,5.0,3.0,1.0,3.0,5.0,3.0,5.0,5.0,3.0,4.0,5.0,3.0,2.0,3.0,1.0,5.0,2.0,5.0,2.0,4.0,1.0,5.0,1.0,1.0,4.0,5.0,4.0,5.0,3.0,5.0,1.0,3.0,3.0,3.0,4.0,4.0,4.0,4.0,3.0,3.0,4.0,3.0,4.0,3.0,5.0,2.0,3.0,1.0,2.0,3.0,5.0,3.0,3.0,2.0,3.0,5.0,2.0,3.0,4.0,4.0,4.0,1.0,4.0,5.0,4.0,3.0,5.0,4.0,5.0,4.0,2.0,4.0,3.0,2.0,3.0,5.0,2.0,5.0,3.0,4.0,1.0,4.0,1.0,3.0,3.0,2.0,4.0,5.0,3.0,1.0,1.0,4.0,4.0,5.0,2.0,5.0,1.0,3.0,2.0,3.0,3.0,2.0,4.0,2.0,4.0,4.0,5.0,3.0,4.0,3.0,5.0,2.0,4.0,3.0,3.0,4.0,2.0,3.0,3.0,3.0,5.0,3.0,4.0,3.0,3.0,3.0,5.0,2.0,4.0,3.0,2.0,2.0,3.0,4.0,1.0,5.0,1.0,5.0,2.0,4.0,1.0,4.0,5.0,4.0,3.0,2.0,2.0,4.0,2.0,3.0,1.0,4.0,3.0,3.0,2.0,4.0,4.0,3.0,5.0,3.0,4.0,3.0,5.0,3.0,3.0,3.0,1.0,3.0,5.0,3.0,3.0,3.0,5.0,2.0,3.0,3.0,5.0,4.0,3.0,3.0,5.0,5.0,2.0,3.0,3.0,1.0,4.0,5.0,2.0,3.0,4.0,3.0,4.0,5.0,2.0,1.0,3.0,3.0,3.0,3.0,5.0,5.0,5.0,2.0,3.0,3.0,4.0,4.0,3.0,1.0,4.0,1.0,3.0,3.0,3.0,3.0,2.0,4.0,5.0,2.0,1.0
SGO1429127,Göteborg,Dator 02,P8FB0001016,12014.0,SGO1429127,1.0,,,,,,,,,,,,,,,,,,,,,,2.0,Completed,41771.57815972222,1280.0,11988.0,LOCAL,,0.0,,82.0,41.0,102.0,41.0,86.9,41.0,125.0,50.0,94.0,61.0,17.0,52.0,9.0,42.0,17.0,46.0,8.0,35.0,14.0,47.0,17.0,40.0,19.0,43.0,17.0,47.0,24.0,50.0,16.0,48.0,9.0,27.0,17.0,45.0,14.0,34.0,17.0,49.0,6.86,34.0,16.0,48.0,18.0,55.0,15.0,41.0,19.0,46.0,24.0,57.0,22.0,48.0,18.0,49.0,20.0,49.0,22.0,50.0,14.0,55.0,13.0,53.0,20.0,66.0,18.0,63.0,13.0,46.0,16.0,65.0,,,,,,,,,,,,,,,,,,,,,,,,,,,,,,,,,,,,,,,,,,,,,,,,,,,,,,,,,,,,,,,,,,,,,,,,,,,,,,,,,,,,,,,,,,,,,,,,,,,,,,,,,,,,,,,,,,,,,,,,,,,,,,,,,,,,,,,,,,,,,,,,,,,,,,,,,,,,,,,,,,,,,,,,,,,,,,,,,,,,,,,,,,,,,,,,,,,,,,,,,,,,,,,,,,,,,,,,,,,,,,,,,,,,,,,,,,,,,,,,,,,,3.0,3.0,3.0,2.0,4.0,2.0,3.0,4.0,3.0,2.0,3.0,2.0,3.0,2.0,4.0,2.0,3.0,4.0,4.0,4.0,4.0,2.0,3.0,2.0,2.0,3.0,5.0,4.0,4.0,4.0,3.0,3.0,3.0,4.0,2.0,4.0,3.0,4.0,2.0,3.0,4.0,4.0,4.0,4.0,2.0,3.0,4.0,2.0,3.0,3.0,2.0,5.0,3.0,3.0,4.0,3.0,4.0,4.0,3.0,4.0,3.0,2.0,3.0,2.0,4.0,2.0,3.0,5.0,5.0,3.0,2.0,1.0,4.0,2.0,5.0,2.0,4.0,5.0,3.0,4.0,2.0,4.0,2.0,2.0,3.0,4.0,4.0,2.0,3.0,3.0,2.0,3.0,3.0,3.0,3.0,3.0,4.0,1.0,2.0,4.0,2.0,4.0,2.0,4.0,3.0,2.0,4.0,3.0,2.0,4.0,4.0,2.0,2.0,4.0,5.0,3.0,3.0,4.0,2.0,4.0,3.0,3.0,3.0,2.0,3.0,2.0,3.0,5.0,5.0,4.0,3.0,,3.0,2.0,5.0,4.0,4.0,4.0,4.0,4.0,4.0,3.0,2.0,3.0,3.0,4.0,4.0,4.0,4.0,3.0,3.0,2.0,3.0,3.0,4.0,3.0,4.0,4.0,2.0,4.0,4.0,4.0,3.0,3.0,3.0,3.0,4.0,2.0,4.0,4.0,3.0,4.0,3.0,4.0,4.0,4.0,3.0,3.0,4.0,3.0,3.0,3.0,2.0,3.0,3.0,4.0,3.0,2.0,2.0,3.0,4.0,2.0,4.0,4.0,4.0,4.0,2.0,4.0,3.0,3.0,2.0,4.0,3.0,3.0,4.0,3.0,2.0,3.0,4.0,3.0,2.0,3.0,3.0,2.0,4.0,3.0,2.0,2.0,3.0,4.0,4.0,4.0,2.0,3.0,4.0,4.0,3.0,4.0,3.0,4.0,4.0,4.0,2.0,3.0,2.0,4.0,4.0,3.0,4.0,3.0,5.0,1.0,1.0
SGO1429372,Göteborg,Dator 02,P8FB0001017,12014.0,SGO1429372,2.0,,,,,,,,,,,,,,,,,,,,,,2.0,Completed,41785.56140046296,1311.0,11988.0,LOCAL,,0.0,,106.0,49.0,88.0,31.0,124.0,57.0,103.0,30.0,122.0,67.0,18.0,53.0,11.0,41.0,26.0,60.0,16.0,50.0,11.0,40.0,24.0,57.0,13.0,29.0,12.0,33.0,22.0,42.0,22.0,64.0,12.0,32.0,7.0,26.0,22.0,49.0,19.0,50.0,16.0,54.0,18.0,52.0,25.0,70.0,24.0,54.0,7.0,22.0,18.0,41.0,24.0,48.0,7.0,24.0,25.0,56.0,22.0,44.0,19.0,57.0,26.0,80.0,20.0,59.0,9.0,40.0,29.0,79.0,19.0,66.0,,,,,,,,,,,,,,,,,,,,,,,,,,,,,,,,,,,,,,,,,,,,,,,,,,,,,,,,,,,,,,,,,,,,,,,,,,,,,,,,,,,,,,,,,,,,,,,,,,,,,,,,,,,,,,,,,,,,,,,,,,,,,,,,,,,,,,,,,,,,,,,,,,,,,,,,,,,,,,,,,,,,,,,,,,,,,,,,,,,,,,,,,,,,,,,,,,,,,,,,,,,,,,,,,,,,,,,,,,,,,,,,,,,,,,,,,,,,,,,,,,,,1.0,3.0,4.0,5.0,3.0,4.0,3.0,3.0,3.0,3.0,2.0,3.0,4.0,3.0,3.0,2.0,4.0,3.0,4.0,4.0,3.0,5.0,3.0,3.0,2.0,4.0,2.0,3.0,5.0,5.0,1.0,3.0,3.0,3.0,4.0,2.0,3.0,4.0,2.0,3.0,3.0,3.0,1.0,4.0,1.0,4.0,4.0,3.0,5.0,5.0,5.0,2.0,4.0,3.0,3.0,3.0,5.0,5.0,5.0,3.0,4.0,4.0,2.0,3.0,3.0,5.0,2.0,5.0,1.0,3.0,2.0,4.0,4.0,4.0,4.0,4.0,4.0,4.0,1.0,3.0,1.0,5.0,1.0,1.0,3.0,4.0,3.0,1.0,4.0,5.0,3.0,4.0,3.0,1.0,3.0,3.0,5.0,1.0,3.0,2.0,3.0,3.0,2.0,5.0,4.0,3.0,3.0,5.0,5.0,5.0,5.0,4.0,5.0,5.0,5.0,3.0,5.0,3.0,5.0,2.0,1.0,5.0,3.0,4.0,3.0,5.0,5.0,3.0,5.0,4.0,3.0,3.0,4.0,1.0,5.0,3.0,3.0,3.0,3.0,3.0,1.0,4.0,3.0,2.0,3.0,4.0,3.0,4.0,5.0,5.0,5.0,5.0,3.0,1.0,5.0,1.0,3.0,5.0,1.0,3.0,3.0,5.0,1.0,3.0,3.0,5.0,4.0,2.0,5.0,4.0,5.0,5.0,4.0,4.0,3.0,3.0,4.0,4.0,4.0,2.0,5.0,5.0,1.0,1.0,3.0,5.0,2.0,1.0,4.0,5.0,5.0,3.0,4.0,5.0,5.0,1.0,5.0,3.0,5.0,5.0,5.0,5.0,4.0,5.0,3.0,4.0,2.0,1.0,5.0,3.0,5.0,3.0,3.0,3.0,3.0,3.0,4.0,1.0,3.0,3.0,3.0,2.0,4.0,5.0,3.0,1.0,3.0,3.0,3.0,3.0,2.0,3.0,3.0,2.0,2.0,2.0,4.0,1.0,5.0,2.0,5.0,1.0,1.0
SGO1429467,Göteborg,Dator 02,P8FB0001018,12013.0,SGO1429467,1.0,,,,,,,,,,,,,,,,,,,,,,2.0,Completed,41813.56476851852,1208.0,11988.0,LOCAL,,0.0,,125.0,62.0,140.0,60.0,98.0,46.0,145.0,62.0,112.0,70.0,16.0,50.0,16.0,53.0,26.0,67.0,19.0,59.0,22.0,60.0,26.0,64.0,21.0,48.0,21.0,56.0,28.0,60.0,21.0,59.0,22.0,54.0,27.0,66.0,24.0,58.0,20.0,54.0,11.0,41.0,16.0,48.0,17.0,53.0,10.0,31.0,23.0,56.0,21.0,51.0,28.0,65.0,21.0,57.0,25.0,60.0,27.0,63.0,23.0,73.0,18.0,64.0,26.0,79.0,15.0,56.0,11.0,41.0,19.0,72.0,,,,,,,,,,,,,,,,,,,,,,,,,,,,,,,,,,,,,,,,,,,,,,,,,,,,,,,,,,,,,,,,,,,,,,,,,,,,,,,,,,,,,,,,,,,,,,,,,,,,,,,,,,,,,,,,,,,,,,,,,,,,,,,,,,,,,,,,,,,,,,,,,,,,,,,,,,,,,,,,,,,,,,,,,,,,,,,,,,,,,,,,,,,,,,,,,,,,,,,,,,,,,,,,,,,,,,,,,,,,,,,,,,,,,,,,,,,,,,,,,,,,2.0,4.0,3.0,2.0,4.0,3.0,2.0,2.0,2.0,2.0,1.0,2.0,5.0,1.0,5.0,3.0,3.0,2.0,5.0,3.0,4.0,3.0,2.0,3.0,4.0,2.0,4.0,2.0,4.0,1.0,2.0,1.0,4.0,4.0,1.0,2.0,3.0,3.0,1.0,4.0,5.0,4.0,1.0,5.0,1.0,4.0,4.0,4.0,3.0,4.0,3.0,3.0,2.0,3.0,2.0,2.0,2.0,4.0,2.0,4.0,1.0,5.0,4.0,3.0,4.0,3.0,3.0,2.0,2.0,1.0,1.0,2.0,5.0,1.0,5.0,2.0,3.0,4.0,3.0,2.0,3.0,3.0,4.0,1.0,4.0,4.0,5.0,1.0,4.0,2.0,4.0,1.0,3.0,4.0,2.0,3.0,4.0,3.0,3.0,4.0,3.0,3.0,2.0,5.0,1.0,2.0,2.0,4.0,1.0,4.0,2.0,3.0,2.0,5.0,2.0,3.0,2.0,3.0,2.0,5.0,1.0,4.0,3.0,1.0,4.0,1.0,3.0,3.0,5.0,2.0,4.0,3.0,3.0,2.0,4.0,4.0,3.0,3.0,2.0,2.0,3.0,3.0,4.0,1.0,2.0,4.0,4.0,3.0,5.0,2.0,4.0,3.0,3.0,4.0,4.0,2.0,3.0,2.0,1.0,2.0,4.0,3.0,1.0,4.0,3.0,3.0,3.0,2.0,3.0,4.0,1.0,4.0,1.0,4.0,2.0,2.0,2.0,5.0,5.0,4.0,2.0,3.0,3.0,4.0,3.0,4.0,1.0,2.0,2.0,4.0,4.0,2.0,4.0,4.0,5.0,3.0,3.0,2.0,3.0,4.0,2.0,3.0,4.0,3.0,2.0,4.0,2.0,1.0,5.0,4.0,3.0,3.0,3.0,3.0,3.0,4.0,3.0,3.0,3.0,2.0,4.0,4.0,3.0,4.0,4.0,2.0,3.0,2.0,1.0,2.0,3.0,3.0,3.0,1.0,4.0,2.0,3.0,1.0,4.0,5.0,5.0,1.0,1.0
TP999,Göteborg,Dator 02,P8FB0001022,12011.0,,2.0,,,,,,,,,,,,,,,,,,,,,,2.0,Completed,41879.551932870374,1804.0,11988.0,LOCAL,,0.0,,107.0,49.0,122.0,50.0,127.0,59.0,113.0,37.0,72.0,46.0,17.0,51.0,17.0,50.0,19.0,44.0,15.0,48.0,19.0,55.0,20.0,46.0,22.0,52.0,19.0,49.0,25.0,50.0,18.0,54.0,20.0,49.0,18.0,48.0,26.0,58.0,24.0,59.0,16.0,54.0,17.0,49.0,20.0,61.0,24.0,54.0,18.0,41.0,17.0,39.0,28.0,60.0,14.0,39.0,14.0,30.0,22.0,44.0,9.0,41.0,10.0,46.0,15.0,51.0,9.0,40.0,17.0,53.0,12.0,51.0,,,,,,,,,,,,,,,,,,,,,,,,,,,,,,,,,,,,,,,,,,,,,,,,,,,,,,,,,,,,,,,,,,,,,,,,,,,,,,,,,,,,,,,,,,,,,,,,,,,,,,,,,,,,,,,,,,,,,,,,,,,,,,,,,,,,,,,,,,,,,,,,,,,,,,,,,,,,,,,,,,,,,,,,,,,,,,,,,,,,,,,,,,,,,,,,,,,,,,,,,,,,,,,,,,,,,,,,,,,,,,,,,,,,,,,,,,,,,,,,,,,,4.0,4.0,3.0,2.0,4.0,2.0,2.0,4.0,3.0,3.0,3.0,4.0,4.0,2.0,3.0,1.0,2.0,2.0,4.0,4.0,4.0,2.0,4.0,4.0,3.0,2.0,2.0,3.0,4.0,2.0,1.0,2.0,2.0,4.0,4.0,4.0,5.0,5.0,2.0,4.0,4.0,4.0,2.0,5.0,2.0,5.0,5.0,4.0,4.0,3.0,4.0,4.0,4.0,2.0,3.0,4.0,4.0,4.0,3.0,5.0,5.0,5.0,5.0,4.0,5.0,2.0,2.0,5.0,4.0,3.0,3.0,3.0,4.0,2.0,5.0,4.0,4.0,4.0,3.0,3.0,2.0,5.0,4.0,3.0,4.0,4.0,2.0,2.0,2.0,4.0,2.0,1.0,4.0,4.0,2.0,4.0,4.0,4.0,4.0,5.0,2.0,4.0,4.0,5.0,2.0,3.0,3.0,4.0,4.0,5.0,5.0,2.0,4.0,5.0,3.0,4.0,4.0,4.0,3.0,4.0,3.0,4.0,2.0,4.0,4.0,2.0,4.0,2.0,4.0,2.0,3.0,4.0,4.0,2.0,5.0,2.0,4.0,3.0,2.0,4.0,4.0,4.0,4.0,4.0,4.0,4.0,3.0,4.0,5.0,5.0,4.0,4.0,2.0,3.0,2.0,4.0,5.0,5.0,3.0,4.0,2.0,4.0,3.0,5.0,4.0,4.0,3.0,2.0,4.0,4.0,4.0,5.0,3.0,4.0,3.0,3.0,4.0,4.0,5.0,3.0,4.0,4.0,4.0,3.0,3.0,4.0,2.0,2.0,2.0,3.0,4.0,3.0,4.0,4.0,4.0,2.0,3.0,3.0,3.0,4.0,2.0,2.0,4.0,2.0,3.0,4.0,2.0,2.0,4.0,4.0,2.0,4.0,3.0,4.0,4.0,2.0,4.0,2.0,5.0,5.0,2.0,2.0,2.0,5.0,4.0,2.0,3.0,5.0,2.0,3.0,4.0,4.0,4.0,4.0,5.0,5.0,5.0,3.0,4.0,3.0,5.0,1.0,1.0
SMH1439128,Göteborg,Dator 02,P8FB0001023,12010.0,SMH1439128,1.0,,,,,,,,,,,,,,,,,,,,,,2.0,Completed,41883.58332175926,1736.0,11988.0,LOCAL,,0.0,,111.0,55.0,130.0,55.0,123.0,58.0,103.0,37.0,105.0,67.0,22.0,62.0,13.0,49.0,23.0,60.0,16.0,52.0,20.0,57.0,17.0,40.0,18.0,40.0,24.0,63.0,26.0,55.0,26.0,70.0,25.0,60.0,11.0,33.0,23.0,56.0,19.0,53.0,15.0,49.0,20.0,58.0,24.0,67.0,22.0,54.0,15.0,37.0,17.0,43.0,23.0,51.0,14.0,39.0,20.0,49.0,14.0,29.0,20.0,67.0,21.0,71.0,20.0,66.0,14.0,54.0,18.0,59.0,12.0,55.0,,,,,,,,,,,,,,,,,,,,,,,,,,,,,,,,,,,,,,,,,,,,,,,,,,,,,,,,,,,,,,,,,,,,,,,,,,,,,,,,,,,,,,,,,,,,,,,,,,,,,,,,,,,,,,,,,,,,,,,,,,,,,,,,,,,,,,,,,,,,,,,,,,,,,,,,,,,,,,,,,,,,,,,,,,,,,,,,,,,,,,,,,,,,,,,,,,,,,,,,,,,,,,,,,,,,,,,,,,,,,,,,,,,,,,,,,,,,,,,,,,,,2.0,3.0,4.0,4.0,3.0,5.0,2.0,2.0,2.0,2.0,3.0,4.0,4.0,2.0,5.0,2.0,4.0,4.0,4.0,2.0,4.0,4.0,4.0,3.0,4.0,2.0,2.0,4.0,4.0,4.0,2.0,2.0,3.0,3.0,4.0,3.0,4.0,4.0,4.0,4.0,4.0,4.0,1.0,5.0,2.0,3.0,4.0,5.0,4.0,5.0,4.0,2.0,3.0,4.0,3.0,4.0,4.0,4.0,4.0,2.0,2.0,4.0,4.0,2.0,4.0,4.0,3.0,5.0,2.0,1.0,2.0,3.0,4.0,3.0,4.0,3.0,2.0,4.0,3.0,2.0,4.0,4.0,4.0,3.0,5.0,3.0,2.0,1.0,3.0,4.0,3.0,2.0,2.0,2.0,4.0,2.0,3.0,4.0,2.0,5.0,4.0,4.0,3.0,4.0,1.0,3.0,4.0,5.0,4.0,5.0,4.0,2.0,2.0,4.0,2.0,4.0,4.0,2.0,4.0,3.0,2.0,4.0,3.0,3.0,4.0,3.0,3.0,4.0,5.0,1.0,4.0,3.0,4.0,2.0,4.0,2.0,2.0,4.0,3.0,2.0,2.0,4.0,4.0,4.0,5.0,3.0,3.0,4.0,4.0,4.0,4.0,4.0,2.0,3.0,3.0,3.0,2.0,4.0,2.0,3.0,3.0,2.0,3.0,4.0,4.0,4.0,3.0,4.0,3.0,4.0,3.0,4.0,4.0,4.0,2.0,3.0,4.0,3.0,2.0,2.0,3.0,4.0,1.0,2.0,4.0,4.0,2.0,1.0,3.0,4.0,4.0,2.0,4.0,4.0,4.0,3.0,4.0,4.0,4.0,4.0,3.0,4.0,4.0,4.0,2.0,4.0,3.0,2.0,3.0,4.0,4.0,4.0,3.0,4.0,4.0,3.0,4.0,1.0,3.0,2.0,2.0,3.0,4.0,3.0,4.0,4.0,3.0,4.0,3.0,4.0,2.0,4.0,3.0,2.0,4.0,3.0,4.0,3.0,2.0,2.0,4.0,1.0,1.0
SGK1439450,Göteborg,Dator 02,P8FB0001024,12010.0,SGK1439450,1.0,,,,,,,,,,,,,,,,,,,,,,2.0,Completed,41890.59449074074,1766.0,11988.0,LOCAL,,0.0,,101.0,50.0,130.0,55.0,85.0,40.0,133.0,55.0,110.0,69.0,17.0,52.0,9.0,42.0,24.0,62.0,9.0,37.0,20.0,57.0,22.0,54.0,23.0,54.0,25.0,65.0,27.0,57.0,15.0,46.0,16.0,41.0,24.0,60.0,16.0,39.0,18.0,51.0,6.0,32.0,13.0,41.0,18.0,55.0,14.0,39.0,12.0,30.0,25.0,59.0,29.0,68.0,17.0,47.0,24.0,58.0,26.0,60.0,17.0,61.0,25.0,80.0,19.0,64.0,20.0,68.0,17.0,57.0,12.0,55.0,,,,,,,,,,,,,,,,,,,,,,,,,,,,,,,,,,,,,,,,,,,,,,,,,,,,,,,,,,,,,,,,,,,,,,,,,,,,,,,,,,,,,,,,,,,,,,,,,,,,,,,,,,,,,,,,,,,,,,,,,,,,,,,,,,,,,,,,,,,,,,,,,,,,,,,,,,,,,,,,,,,,,,,,,,,,,,,,,,,,,,,,,,,,,,,,,,,,,,,,,,,,,,,,,,,,,,,,,,,,,,,,,,,,,,,,,,,,,,,,,,,,2.0,2.0,3.0,3.0,4.0,4.0,2.0,4.0,3.0,2.0,2.0,2.0,5.0,1.0,5.0,5.0,4.0,5.0,4.0,3.0,3.0,2.0,4.0,3.0,2.0,3.0,5.0,3.0,5.0,4.0,1.0,5.0,3.0,2.0,1.0,2.0,1.0,5.0,1.0,5.0,4.0,5.0,2.0,5.0,2.0,3.0,3.0,2.0,5.0,3.0,2.0,4.0,2.0,3.0,4.0,3.0,4.0,4.0,2.0,5.0,2.0,5.0,4.0,4.0,4.0,5.0,3.0,5.0,4.0,3.0,2.0,1.0,5.0,1.0,4.0,5.0,4.0,4.0,4.0,3.0,2.0,3.0,3.0,3.0,4.0,2.0,2.0,5.0,5.0,2.0,4.0,1.0,3.0,2.0,2.0,2.0,4.0,2.0,3.0,5.0,2.0,5.0,3.0,5.0,1.0,3.0,2.0,3.0,2.0,3.0,4.0,2.0,4.0,5.0,4.0,4.0,2.0,4.0,2.0,4.0,2.0,2.0,3.0,3.0,4.0,2.0,4.0,5.0,5.0,2.0,4.0,2.0,4.0,1.0,4.0,4.0,2.0,5.0,4.0,4.0,3.0,3.0,4.0,3.0,5.0,5.0,2.0,2.0,5.0,2.0,3.0,2.0,1.0,1.0,3.0,2.0,4.0,4.0,1.0,3.0,3.0,4.0,2.0,4.0,3.0,4.0,4.0,2.0,4.0,3.0,4.0,5.0,2.0,5.0,3.0,4.0,3.0,5.0,4.0,5.0,2.0,4.0,4.0,2.0,3.0,5.0,2.0,1.0,1.0,2.0,4.0,2.0,4.0,4.0,5.0,4.0,2.0,2.0,4.0,4.0,2.0,2.0,5.0,5.0,5.0,4.0,5.0,1.0,4.0,3.0,1.0,3.0,4.0,5.0,4.0,5.0,4.0,1.0,3.0,1.0,2.0,3.0,3.0,4.0,5.0,2.0,2.0,4.0,2.0,2.0,3.0,5.0,2.0,1.0,5.0,5.0,3.0,2.0,3.0,5.0,5.0,1.0,1.0
SMH1439095,Göteborg,Dator 02,P8FB0001025,12010.0,SMH1439095,1.0,,,,,,,,,,,,,,,,,,,,,,2.0,Completed,41891.54332175926,1447.0,11988.0,LOCAL,,0.0,,85.0,43.0,109.0,44.0,63.0,29.0,72.0,20.0,126.0,77.0,16.0,50.0,18.0,57.0,18.0,48.0,8.0,35.0,8.0,37.0,17.0,40.0,16.0,35.0,20.0,53.0,25.0,53.0,15.0,46.0,17.0,43.0,16.0,43.0,11.0,27.0,3.0,23.0,11.0,41.0,15.0,46.0,11.0,42.0,12.0,35.0,1.0,21.0,14.0,37.0,14.0,26.0,9.0,27.0,16.0,41.0,18.0,39.0,21.0,69.0,25.0,80.0,22.0,70.0,20.0,68.0,16.0,54.0,22.0,79.0,,,,,,,,,,,,,,,,,,,,,,,,,,,,,,,,,,,,,,,,,,,,,,,,,,,,,,,,,,,,,,,,,,,,,,,,,,,,,,,,,,,,,,,,,,,,,,,,,,,,,,,,,,,,,,,,,,,,,,,,,,,,,,,,,,,,,,,,,,,,,,,,,,,,,,,,,,,,,,,,,,,,,,,,,,,,,,,,,,,,,,,,,,,,,,,,,,,,,,,,,,,,,,,,,,,,,,,,,,,,,,,,,,,,,,,,,,,,,,,,,,,,2.0,1.0,3.0,5.0,3.0,5.0,5.0,1.0,1.0,3.0,2.0,3.0,4.0,3.0,4.0,3.0,3.0,3.0,3.0,3.0,3.0,3.0,2.0,2.0,4.0,3.0,2.0,3.0,4.0,3.0,3.0,4.0,3.0,1.0,4.0,2.0,1.0,5.0,2.0,4.0,3.0,3.0,3.0,3.0,3.0,2.0,3.0,2.0,4.0,3.0,3.0,4.0,3.0,4.0,3.0,3.0,3.0,4.0,4.0,3.0,2.0,3.0,3.0,5.0,2.0,4.0,5.0,5.0,2.0,3.0,2.0,2.0,3.0,4.0,5.0,3.0,4.0,4.0,2.0,3.0,4.0,4.0,2.0,4.0,3.0,5.0,5.0,3.0,4.0,4.0,4.0,4.0,2.0,2.0,3.0,3.0,3.0,4.0,4.0,5.0,3.0,4.0,3.0,3.0,1.0,1.0,3.0,2.0,4.0,3.0,3.0,4.0,4.0,3.0,2.0,3.0,4.0,3.0,3.0,3.0,3.0,2.0,2.0,5.0,3.0,4.0,5.0,3.0,4.0,3.0,4.0,3.0,3.0,3.0,4.0,3.0,4.0,4.0,1.0,5.0,2.0,3.0,2.0,3.0,4.0,5.0,5.0,4.0,5.0,3.0,4.0,3.0,2.0,1.0,2.0,2.0,1.0,5.0,2.0,5.0,3.0,5.0,2.0,2.0,4.0,2.0,5.0,2.0,4.0,3.0,2.0,1.0,5.0,2.0,5.0,2.0,1.0,3.0,1.0,2.0,2.0,4.0,3.0,1.0,3.0,5.0,5.0,1.0,3.0,3.0,5.0,1.0,3.0,3.0,5.0,3.0,2.0,5.0,4.0,4.0,4.0,3.0,2.0,3.0,3.0,3.0,4.0,2.0,4.0,4.0,3.0,2.0,4.0,1.0,4.0,4.0,2.0,2.0,4.0,4.0,4.0,2.0,3.0,3.0,3.0,3.0,3.0,4.0,3.0,3.0,3.0,1.0,2.0,3.0,3.0,2.0,4.0,3.0,3.0,4.0,5.0,1.0,1.0
TP999,Göteborg,Dator 02,P8FB0001028,12009.0,,2.0,,,,,,,,,,,,,,,,,,,,,,2.0,Completed,41925.42875,1270.0,11988.0,LOCAL,,0.0,,100.0,46.0,127.0,53.0,102.0,47.0,111.0,35.0,96.0,56.0,14.0,45.0,17.0,50.0,21.0,49.0,15.0,48.0,18.0,54.0,15.0,32.0,22.0,52.0,23.0,58.0,23.0,45.0,16.0,49.0,23.0,55.0,20.0,52.0,18.0,39.0,15.0,43.0,16.0,54.0,18.0,52.0,13.0,49.0,22.0,50.0,17.0,38.0,18.0,41.0,21.0,39.0,17.0,45.0,18.0,40.0,20.0,39.0,15.0,51.0,15.0,56.0,18.0,56.0,20.0,62.0,15.0,48.0,13.0,53.0,,,,,,,,,,,,,,,,,,,,,,,,,,,,,,,,,,,,,,,,,,,,,,,,,,,,,,,,,,,,,,,,,,,,,,,,,,,,,,,,,,,,,,,,,,,,,,,,,,,,,,,,,,,,,,,,,,,,,,,,,,,,,,,,,,,,,,,,,,,,,,,,,,,,,,,,,,,,,,,,,,,,,,,,,,,,,,,,,,,,,,,,,,,,,,,,,,,,,,,,,,,,,,,,,,,,,,,,,,,,,,,,,,,,,,,,,,,,,,,,,,,,3.0,3.0,3.0,4.0,4.0,3.0,2.0,3.0,3.0,2.0,3.0,4.0,4.0,2.0,5.0,2.0,3.0,4.0,4.0,3.0,3.0,1.0,3.0,3.0,4.0,2.0,2.0,3.0,4.0,3.0,2.0,3.0,4.0,3.0,1.0,3.0,2.0,5.0,2.0,5.0,2.0,3.0,2.0,4.0,2.0,3.0,4.0,2.0,3.0,4.0,2.0,2.0,2.0,3.0,2.0,3.0,4.0,3.0,4.0,4.0,3.0,3.0,3.0,3.0,4.0,3.0,4.0,3.0,3.0,2.0,3.0,3.0,3.0,2.0,5.0,4.0,3.0,4.0,2.0,3.0,3.0,3.0,4.0,3.0,5.0,3.0,3.0,4.0,4.0,3.0,2.0,2.0,4.0,3.0,2.0,2.0,2.0,3.0,3.0,5.0,4.0,3.0,2.0,3.0,1.0,3.0,3.0,3.0,2.0,4.0,3.0,4.0,3.0,4.0,2.0,4.0,4.0,4.0,2.0,4.0,3.0,3.0,3.0,2.0,3.0,2.0,4.0,3.0,4.0,2.0,3.0,3.0,4.0,2.0,3.0,4.0,3.0,2.0,4.0,3.0,4.0,2.0,4.0,3.0,4.0,2.0,3.0,3.0,4.0,2.0,4.0,2.0,4.0,3.0,2.0,3.0,4.0,3.0,2.0,3.0,4.0,2.0,4.0,3.0,4.0,2.0,4.0,2.0,4.0,3.0,4.0,3.0,4.0,2.0,4.0,3.0,4.0,2.0,3.0,4.0,3.0,4.0,2.0,3.0,4.0,2.0,3.0,2.0,3.0,4.0,3.0,2.0,4.0,4.0,2.0,4.0,3.0,2.0,3.0,2.0,4.0,3.0,2.0,4.0,2.0,3.0,2.0,4.0,3.0,4.0,3.0,4.0,3.0,4.0,2.0,3.0,4.0,3.0,4.0,2.0,4.0,4.0,4.0,3.0,3.0,4.0,3.0,2.0,3.0,2.0,4.0,3.0,4.0,2.0,4.0,3.0,4.0,2.0,4.0,2.0,3.0,1.0,1.0
SMH1449130,Göteborg,Dator 02,P8FB0001029,12009.0,SMH1449130,1.0,,,,,,,,,,,,,,,,,,,,,,,,,,,,,,,,,,,,,,,,,,,,,,,,,,,,,,,,,,,,,,,,,,,,,,,,,,,,,,,,,,,,,,,,,,,,,,,,,,,,,,,,,,,,,,,,,,,,,,,,,,,,,,,,,,,,,,,,,,,,,,,,,,,,,,,,,,,,,,,,,,,,,,,,,,,,,,,,,,,,,,,,,,,,,,,,,,,,,,,,,,,,,,,,,,,,,,,,,,,,,,,,,,,,,,,,,,,,,,,,,,,,,,,,,,,,,,,,,,,,,,,,,,,,,,,,,,,,,,,,,,,,,,,,,,,,,,,,,,,,,,,,,,,,,,,,,,,,,,,,,,,,,,,,,,,,,,,,,,,,,,,,,,,,,,,,,,,,,,,,,,,,,,,,,,,,,,,,,,,,,,,,,,,,,,,,,,,,,,,,,,,,,,,,,,,,,,,,,,,,,,,,,,,,,,,,,,,,,,,,,,,,,,,,,,,,,,,,,,,,,,,,,,,,,,,,,,,,,,,,,,,,,,,,,,,,,,,,,,,,,,,,,,,,,,,,,,,,,,,,,,,,,,,,,,,,,,,,,,,,,,,,,,,,,,,,,,,,,,,,,,,,,,,,,,,,,,,,,,,,,,,,,,
SMH1449131,Göteborg,Dator 02,P8FB0001032,12008.0,SMH1449131,1.0,,,,,,,,,,,,,,,,,,,,,,2.0,Completed,41960.54765046296,1614.0,11988.0,LOCAL,,0.0,,138.0,68.0,119.0,49.0,121.0,57.0,100.0,36.0,109.0,69.0,25.0,68.0,15.0,52.0,27.0,69.0,18.0,57.0,31.0,75.0,22.0,54.0,18.0,40.0,9.0,28.0,22.0,46.0,26.0,70.0,28.0,66.0,16.0,43.0,24.0,58.0,23.0,60.0,21.0,60.0,18.0,53.0,21.0,61.0,14.0,39.0,10.0,25.0,8.0,25.0,28.0,65.0,12.0,34.0,19.0,47.0,23.0,52.0,23.0,73.0,22.0,73.0,21.0,68.0,15.0,56.0,16.0,54.0,12.0,55.0,,,,,,,,,,,,,,,,,,,,,,,,,,,,,,,,,,,,,,,,,,,,,,,,,,,,,,,,,,,,,,,,,,,,,,,,,,,,,,,,,,,,,,,,,,,,,,,,,,,,,,,,,,,,,,,,,,,,,,,,,,,,,,,,,,,,,,,,,,,,,,,,,,,,,,,,,,,,,,,,,,,,,,,,,,,,,,,,,,,,,,,,,,,,,,,,,,,,,,,,,,,,,,,,,,,,,,,,,,,,,,,,,,,,,,,,,,,,,,,,,,,,5.0,4.0,5.0,4.0,2.0,3.0,1.0,2.0,3.0,4.0,1.0,3.0,5.0,1.0,2.0,1.0,4.0,1.0,1.0,4.0,2.0,4.0,5.0,5.0,5.0,4.0,1.0,3.0,5.0,4.0,5.0,2.0,1.0,2.0,5.0,1.0,4.0,5.0,5.0,2.0,5.0,1.0,1.0,5.0,2.0,1.0,5.0,2.0,5.0,5.0,5.0,5.0,1.0,1.0,1.0,1.0,2.0,5.0,1.0,4.0,1.0,4.0,5.0,5.0,5.0,4.0,1.0,5.0,2.0,5.0,5.0,5.0,5.0,5.0,5.0,5.0,4.0,1.0,2.0,1.0,5.0,5.0,4.0,1.0,4.0,1.0,2.0,1.0,4.0,4.0,5.0,4.0,1.0,2.0,5.0,5.0,5.0,1.0,5.0,1.0,5.0,5.0,5.0,5.0,1.0,2.0,4.0,1.0,1.0,5.0,5.0,1.0,1.0,5.0,1.0,4.0,1.0,3.0,5.0,5.0,1.0,5.0,5.0,4.0,4.0,3.0,5.0,4.0,5.0,4.0,4.0,5.0,5.0,1.0,5.0,2.0,2.0,4.0,4.0,1.0,5.0,5.0,5.0,5.0,5.0,1.0,5.0,4.0,5.0,2.0,1.0,5.0,4.0,2.0,3.0,1.0,1.0,5.0,5.0,3.0,4.0,2.0,1.0,5.0,3.0,5.0,2.0,4.0,5.0,5.0,1.0,5.0,1.0,4.0,1.0,5.0,1.0,5.0,4.0,2.0,2.0,4.0,1.0,4.0,5.0,5.0,1.0,4.0,4.0,5.0,4.0,1.0,4.0,5.0,5.0,4.0,3.0,1.0,1.0,5.0,2.0,3.0,5.0,5.0,4.0,5.0,2.0,1.0,2.0,1.0,5.0,4.0,5.0,3.0,5.0,4.0,5.0,1.0,5.0,1.0,1.0,1.0,5.0,5.0,1.0,1.0,4.0,4.0,5.0,2.0,1.0,1.0,5.0,1.0,5.0,1.0,4.0,4.0,5.0,4.0,5.0,1.0,1.0
SGO1449434,Göteborg,Dator 02,P8FB0001035,12007.0,SGO1449434,1.0,,,,,,,,,,,,,,,,,,,,,,2.0,Completed,41977.54319444444,1335.0,11988.0,LOCAL,,0.0,,144.0,71.0,107.0,43.0,76.0,35.0,130.0,53.0,168.0,80.0,26.0,70.0,32.0,79.0,30.0,76.0,5.0,28.0,26.0,67.0,25.0,62.0,15.0,32.0,16.0,44.0,23.0,48.0,21.0,59.0,9.0,27.0,23.0,58.0,17.0,41.0,18.0,51.0,0.0,23.0,18.0,53.0,16.0,51.0,7.0,26.0,5.0,21.0,28.0,65.0,28.0,65.0,22.0,59.0,19.0,47.0,28.0,65.0,31.0,80.0,25.0,80.0,32.0,80.0,32.0,80.0,21.0,67.0,27.0,80.0,,,,,,,,,,,,,,,,,,,,,,,,,,,,,,,,,,,,,,,,,,,,,,,,,,,,,,,,,,,,,,,,,,,,,,,,,,,,,,,,,,,,,,,,,,,,,,,,,,,,,,,,,,,,,,,,,,,,,,,,,,,,,,,,,,,,,,,,,,,,,,,,,,,,,,,,,,,,,,,,,,,,,,,,,,,,,,,,,,,,,,,,,,,,,,,,,,,,,,,,,,,,,,,,,,,,,,,,,,,,,,,,,,,,,,,,,,,,,,,,,,,,1.0,1.0,3.0,5.0,2.0,5.0,4.0,1.0,5.0,2.0,1.0,1.0,5.0,1.0,4.0,5.0,1.0,4.0,3.0,1.0,4.0,5.0,5.0,1.0,5.0,4.0,5.0,1.0,5.0,5.0,5.0,1.0,1.0,2.0,1.0,1.0,2.0,5.0,1.0,3.0,5.0,5.0,1.0,4.0,2.0,1.0,5.0,3.0,1.0,5.0,5.0,5.0,1.0,5.0,5.0,1.0,5.0,4.0,1.0,5.0,1.0,5.0,4.0,5.0,4.0,1.0,3.0,1.0,3.0,4.0,1.0,1.0,5.0,1.0,4.0,5.0,1.0,5.0,5.0,5.0,1.0,3.0,3.0,5.0,2.0,5.0,5.0,1.0,5.0,2.0,5.0,1.0,1.0,1.0,4.0,1.0,5.0,5.0,3.0,5.0,5.0,5.0,1.0,5.0,1.0,1.0,1.0,2.0,1.0,3.0,4.0,1.0,1.0,5.0,5.0,4.0,2.0,3.0,2.0,5.0,1.0,3.0,4.0,1.0,2.0,5.0,4.0,1.0,5.0,5.0,5.0,1.0,5.0,1.0,5.0,5.0,5.0,5.0,1.0,1.0,2.0,4.0,1.0,3.0,2.0,5.0,5.0,1.0,5.0,2.0,5.0,1.0,1.0,1.0,4.0,4.0,5.0,5.0,1.0,4.0,5.0,5.0,2.0,5.0,4.0,1.0,3.0,1.0,4.0,4.0,1.0,3.0,1.0,1.0,4.0,1.0,1.0,2.0,3.0,4.0,1.0,4.0,1.0,1.0,2.0,5.0,4.0,5.0,1.0,5.0,5.0,1.0,4.0,4.0,4.0,5.0,3.0,5.0,2.0,3.0,4.0,2.0,5.0,4.0,5.0,2.0,5.0,1.0,4.0,5.0,4.0,1.0,3.0,1.0,4.0,5.0,5.0,5.0,1.0,2.0,5.0,5.0,5.0,3.0,1.0,5.0,3.0,4.0,1.0,3.0,2.0,1.0,5.0,3.0,3.0,1.0,3.0,2.0,5.0,3.0,5.0,1.0,1.0
SGO1449218,Göteborg,Dator 02,P8FB0001036,12007.0,SGO1449218,2.0,,,,,,,,,,,,,,,,,,,,,,2.0,Completed,41982.57467592593,2178.0,11988.0,LOCAL,,0.0,,110.0,51.0,103.0,39.0,99.0,45.0,144.0,56.0,123.0,67.0,20.0,57.0,14.0,45.0,22.0,51.0,14.0,46.0,14.0,46.0,26.0,63.0,17.0,39.0,23.0,58.0,21.0,39.0,12.0,40.0,15.0,38.0,15.0,42.0,24.0,53.0,14.0,41.0,13.0,49.0,14.0,42.0,18.0,58.0,16.0,39.0,14.0,31.0,20.0,45.0,29.0,63.0,25.0,62.0,29.0,65.0,27.0,58.0,21.0,61.0,19.0,65.0,27.0,72.0,14.0,50.0,22.0,64.0,20.0,68.0,,,,,,,,,,,,,,,,,,,,,,,,,,,,,,,,,,,,,,,,,,,,,,,,,,,,,,,,,,,,,,,,,,,,,,,,,,,,,,,,,,,,,,,,,,,,,,,,,,,,,,,,,,,,,,,,,,,,,,,,,,,,,,,,,,,,,,,,,,,,,,,,,,,,,,,,,,,,,,,,,,,,,,,,,,,,,,,,,,,,,,,,,,,,,,,,,,,,,,,,,,,,,,,,,,,,,,,,,,,,,,,,,,,,,,,,,,,,,,,,,,,,5.0,5.0,5.0,4.0,3.0,3.0,5.0,4.0,3.0,2.0,2.0,1.0,2.0,1.0,3.0,2.0,3.0,3.0,5.0,3.0,2.0,4.0,2.0,1.0,2.0,3.0,1.0,2.0,5.0,4.0,4.0,2.0,1.0,1.0,1.0,1.0,3.0,3.0,2.0,5.0,5.0,5.0,1.0,5.0,3.0,4.0,3.0,2.0,2.0,2.0,2.0,2.0,3.0,4.0,3.0,2.0,2.0,4.0,3.0,2.0,1.0,4.0,4.0,4.0,2.0,2.0,3.0,2.0,2.0,2.0,2.0,2.0,3.0,1.0,4.0,4.0,1.0,4.0,4.0,4.0,4.0,3.0,2.0,1.0,4.0,5.0,4.0,2.0,5.0,3.0,5.0,1.0,3.0,3.0,2.0,2.0,4.0,2.0,3.0,4.0,4.0,2.0,2.0,5.0,1.0,3.0,1.0,4.0,2.0,2.0,4.0,2.0,3.0,5.0,2.0,3.0,1.0,4.0,2.0,2.0,2.0,4.0,2.0,4.0,3.0,1.0,4.0,2.0,4.0,3.0,5.0,2.0,5.0,1.0,4.0,4.0,2.0,4.0,4.0,4.0,2.0,3.0,2.0,1.0,2.0,3.0,4.0,2.0,4.0,2.0,2.0,4.0,4.0,4.0,4.0,3.0,2.0,2.0,2.0,2.0,5.0,2.0,2.0,4.0,2.0,4.0,2.0,2.0,2.0,4.0,5.0,2.0,1.0,3.0,4.0,3.0,3.0,5.0,5.0,4.0,3.0,2.0,2.0,5.0,2.0,5.0,2.0,2.0,2.0,2.0,4.0,3.0,4.0,4.0,4.0,2.0,3.0,2.0,1.0,2.0,4.0,2.0,3.0,5.0,2.0,4.0,2.0,1.0,5.0,4.0,5.0,4.0,3.0,3.0,4.0,4.0,3.0,3.0,2.0,1.0,4.0,2.0,3.0,4.0,4.0,3.0,1.0,3.0,3.0,3.0,1.0,4.0,2.0,1.0,2.0,1.0,5.0,2.0,4.0,2.0,4.0,1.0,1.0
DVA1441004,Göteborg,Dator 02,P8FB0001037,12007.0,DVA1441004,2.0,,,,,,,,,,,,,,,,,,,,,,2.0,Completed,41988.557905092595,1558.0,11988.0,LOCAL,,0.0,,133.0,62.0,128.0,53.0,112.0,52.0,131.0,48.0,93.0,54.0,20.0,57.0,23.0,59.0,24.0,55.0,23.0,64.0,20.0,57.0,23.0,55.0,18.0,42.0,25.0,63.0,26.0,52.0,15.0,47.0,25.0,59.0,19.0,50.0,23.0,51.0,17.0,46.0,17.0,56.0,15.0,44.0,18.0,58.0,22.0,50.0,20.0,45.0,22.0,50.0,25.0,51.0,20.0,51.0,21.0,47.0,23.0,47.0,10.0,43.0,12.0,50.0,19.0,58.0,18.0,58.0,17.0,53.0,17.0,62.0,,,,,,,,,,,,,,,,,,,,,,,,,,,,,,,,,,,,,,,,,,,,,,,,,,,,,,,,,,,,,,,,,,,,,,,,,,,,,,,,,,,,,,,,,,,,,,,,,,,,,,,,,,,,,,,,,,,,,,,,,,,,,,,,,,,,,,,,,,,,,,,,,,,,,,,,,,,,,,,,,,,,,,,,,,,,,,,,,,,,,,,,,,,,,,,,,,,,,,,,,,,,,,,,,,,,,,,,,,,,,,,,,,,,,,,,,,,,,,,,,,,,3.0,3.0,3.0,3.0,3.0,3.0,3.0,1.0,4.0,1.0,3.0,3.0,4.0,2.0,5.0,3.0,4.0,2.0,4.0,3.0,3.0,4.0,2.0,3.0,5.0,3.0,1.0,1.0,4.0,4.0,2.0,2.0,3.0,4.0,2.0,3.0,2.0,4.0,2.0,4.0,3.0,4.0,2.0,5.0,1.0,2.0,3.0,4.0,2.0,4.0,3.0,3.0,1.0,2.0,1.0,3.0,4.0,3.0,3.0,3.0,4.0,4.0,3.0,2.0,3.0,1.0,3.0,4.0,3.0,2.0,2.0,3.0,4.0,2.0,5.0,4.0,3.0,3.0,3.0,3.0,3.0,4.0,4.0,1.0,5.0,5.0,3.0,2.0,5.0,3.0,2.0,1.0,2.0,3.0,2.0,4.0,4.0,5.0,3.0,4.0,3.0,2.0,2.0,5.0,1.0,3.0,3.0,5.0,2.0,3.0,4.0,2.0,3.0,4.0,2.0,4.0,3.0,5.0,3.0,4.0,5.0,4.0,4.0,3.0,3.0,2.0,3.0,2.0,5.0,1.0,3.0,3.0,4.0,1.0,4.0,3.0,2.0,3.0,2.0,3.0,2.0,5.0,3.0,2.0,4.0,3.0,3.0,3.0,4.0,2.0,3.0,5.0,2.0,4.0,3.0,3.0,4.0,5.0,2.0,3.0,4.0,3.0,1.0,3.0,3.0,4.0,3.0,4.0,2.0,3.0,2.0,1.0,1.0,3.0,3.0,3.0,4.0,5.0,5.0,3.0,3.0,3.0,1.0,4.0,3.0,3.0,3.0,3.0,2.0,3.0,4.0,3.0,4.0,4.0,4.0,4.0,2.0,2.0,2.0,2.0,3.0,2.0,3.0,3.0,3.0,3.0,2.0,2.0,4.0,5.0,2.0,3.0,4.0,3.0,3.0,3.0,3.0,3.0,3.0,1.0,3.0,2.0,3.0,3.0,3.0,3.0,3.0,2.0,3.0,2.0,3.0,3.0,3.0,1.0,4.0,3.0,4.0,4.0,3.0,3.0,5.0,1.0,1.0
TP999,Göteborg,Dator 02,P8FB0001038,12006.0,,1.0,,,,,,,,,,,,,,,,,,,,,,2.0,Completed,42011.57015046296,3396.0,11988.0,LOCAL,,0.0,,115.0,57.0,101.0,40.0,108.0,51.0,125.0,50.0,97.0,63.0,21.0,60.0,14.0,50.0,22.0,58.0,12.0,43.0,24.0,63.0,22.0,54.0,17.0,37.0,15.0,42.0,21.0,43.0,17.0,50.0,13.0,35.0,18.0,47.0,24.0,58.0,15.0,45.0,12.0,43.0,17.0,51.0,19.0,57.0,21.0,52.0,16.0,39.0,18.0,45.0,30.0,70.0,16.0,44.0,23.0,56.0,22.0,50.0,19.0,65.0,12.0,51.0,20.0,66.0,15.0,56.0,16.0,54.0,15.0,62.0,,,,,,,,,,,,,,,,,,,,,,,,,,,,,,,,,,,,,,,,,,,,,,,,,,,,,,,,,,,,,,,,,,,,,,,,,,,,,,,,,,,,,,,,,,,,,,,,,,,,,,,,,,,,,,,,,,,,,,,,,,,,,,,,,,,,,,,,,,,,,,,,,,,,,,,,,,,,,,,,,,,,,,,,,,,,,,,,,,,,,,,,,,,,,,,,,,,,,,,,,,,,,,,,,,,,,,,,,,,,,,,,,,,,,,,,,,,,,,,,,,,,2.0,4.0,3.0,3.0,4.0,3.0,4.0,4.0,2.0,3.0,3.0,2.0,3.0,1.0,3.0,4.0,3.0,3.0,3.0,4.0,3.0,2.0,5.0,3.0,3.0,2.0,2.0,1.0,4.0,3.0,2.0,2.0,1.0,3.0,3.0,4.0,3.0,2.0,2.0,4.0,4.0,4.0,2.0,4.0,2.0,3.0,4.0,2.0,3.0,3.0,3.0,2.0,3.0,3.0,4.0,3.0,3.0,4.0,3.0,3.0,2.0,5.0,4.0,4.0,3.0,2.0,2.0,3.0,2.0,3.0,2.0,3.0,3.0,1.0,5.0,3.0,4.0,3.0,3.0,3.0,4.0,4.0,4.0,2.0,3.0,3.0,2.0,2.0,4.0,3.0,4.0,1.0,1.0,3.0,2.0,3.0,3.0,3.0,3.0,3.0,3.0,4.0,2.0,5.0,3.0,4.0,3.0,2.0,4.0,3.0,4.0,1.0,2.0,5.0,3.0,3.0,3.0,3.0,3.0,3.0,2.0,4.0,3.0,4.0,3.0,2.0,3.0,3.0,4.0,3.0,4.0,3.0,5.0,1.0,4.0,3.0,3.0,5.0,3.0,2.0,3.0,4.0,5.0,4.0,3.0,4.0,3.0,4.0,3.0,2.0,4.0,4.0,3.0,3.0,4.0,4.0,2.0,3.0,2.0,3.0,3.0,3.0,2.0,4.0,3.0,3.0,4.0,2.0,3.0,4.0,3.0,4.0,2.0,4.0,4.0,3.0,4.0,4.0,4.0,3.0,4.0,3.0,3.0,5.0,3.0,3.0,2.0,3.0,2.0,4.0,4.0,3.0,4.0,5.0,4.0,3.0,3.0,2.0,3.0,3.0,3.0,3.0,4.0,5.0,4.0,4.0,2.0,1.0,5.0,4.0,3.0,3.0,3.0,3.0,3.0,3.0,2.0,3.0,3.0,4.0,3.0,4.0,3.0,5.0,3.0,2.0,3.0,3.0,2.0,3.0,3.0,1.0,3.0,1.0,3.0,3.0,4.0,3.0,4.0,3.0,4.0,1.0,1.0
SGO1511924,Göteborg,Dator 02,P8FB0001039,12005.0,SGO1511924,1.0,,,,,,,,,,,,,,,,,,,,,,2.0,Completed,42054.60855324074,2269.0,11988.0,LOCAL,,0.0,,92.0,46.0,71.0,25.0,75.0,35.0,119.0,47.0,137.0,80.0,14.0,46.0,13.0,49.0,20.0,53.0,13.0,46.0,20.0,57.0,12.0,26.0,13.0,26.0,14.0,40.0,12.0,22.0,13.0,42.0,1.0,21.0,18.0,47.0,17.0,41.0,20.0,54.0,5.0,30.0,9.0,31.0,19.0,57.0,5.0,22.0,11.0,28.0,18.0,45.0,24.0,54.0,19.0,52.0,21.0,51.0,26.0,60.0,18.0,63.0,22.0,73.0,29.0,80.0,21.0,70.0,24.0,75.0,23.0,80.0,,,,,,,,,,,,,,,,,,,,,,,,,,,,,,,,,,,,,,,,,,,,,,,,,,,,,,,,,,,,,,,,,,,,,,,,,,,,,,,,,,,,,,,,,,,,,,,,,,,,,,,,,,,,,,,,,,,,,,,,,,,,,,,,,,,,,,,,,,,,,,,,,,,,,,,,,,,,,,,,,,,,,,,,,,,,,,,,,,,,,,,,,,,,,,,,,,,,,,,,,,,,,,,,,,,,,,,,,,,,,,,,,,,,,,,,,,,,,,,,,,,,4.0,3.0,2.0,4.0,2.0,5.0,3.0,4.0,5.0,1.0,1.0,1.0,4.0,3.0,4.0,4.0,2.0,4.0,4.0,3.0,4.0,3.0,3.0,5.0,1.0,5.0,5.0,3.0,5.0,3.0,3.0,3.0,3.0,3.0,2.0,2.0,2.0,2.0,4.0,2.0,5.0,5.0,4.0,4.0,4.0,2.0,2.0,4.0,3.0,2.0,5.0,3.0,2.0,5.0,4.0,1.0,2.0,5.0,1.0,5.0,2.0,4.0,3.0,4.0,2.0,3.0,2.0,5.0,4.0,4.0,1.0,2.0,5.0,3.0,3.0,4.0,4.0,4.0,5.0,4.0,1.0,3.0,4.0,3.0,1.0,3.0,4.0,4.0,5.0,5.0,4.0,3.0,2.0,2.0,4.0,3.0,4.0,1.0,5.0,4.0,4.0,4.0,1.0,5.0,3.0,2.0,1.0,4.0,2.0,1.0,5.0,1.0,5.0,5.0,5.0,3.0,2.0,1.0,4.0,2.0,1.0,4.0,1.0,4.0,3.0,3.0,3.0,1.0,5.0,5.0,3.0,1.0,5.0,1.0,2.0,5.0,5.0,4.0,2.0,1.0,1.0,4.0,5.0,2.0,1.0,5.0,5.0,5.0,5.0,3.0,2.0,3.0,3.0,3.0,5.0,3.0,5.0,5.0,3.0,4.0,5.0,3.0,3.0,3.0,3.0,3.0,2.0,1.0,4.0,3.0,1.0,4.0,2.0,3.0,5.0,3.0,2.0,3.0,5.0,2.0,3.0,1.0,1.0,2.0,3.0,5.0,1.0,1.0,4.0,5.0,5.0,2.0,1.0,4.0,2.0,1.0,3.0,3.0,2.0,4.0,5.0,4.0,4.0,3.0,5.0,3.0,4.0,4.0,3.0,5.0,3.0,4.0,5.0,3.0,4.0,4.0,2.0,4.0,2.0,3.0,5.0,5.0,3.0,5.0,1.0,4.0,2.0,3.0,3.0,1.0,2.0,1.0,3.0,1.0,1.0,2.0,1.0,3.0,4.0,5.0,5.0,1.0,1.0
SGK1519213,Göteborg,Dator 02,P8FB0001040,12005.0,SGK1519213,1.0,,,,,,,,,,,,,,,,,,,,,,2.0,Completed,42059.5421412037,925.0,11988.0,LOCAL,,0.0,,95.0,48.0,110.0,45.0,95.0,45.0,90.0,30.0,91.0,60.0,16.0,50.0,17.0,55.0,16.0,44.0,17.0,54.0,11.0,42.0,18.0,43.0,21.0,48.0,18.0,49.0,19.0,39.0,16.0,48.0,18.0,46.0,18.0,47.0,15.0,37.0,14.0,43.0,19.0,56.0,16.0,48.0,14.0,47.0,17.0,44.0,13.0,32.0,15.0,39.0,19.0,40.0,12.0,34.0,18.0,45.0,13.0,27.0,12.0,51.0,19.0,67.0,15.0,56.0,17.0,61.0,17.0,57.0,11.0,53.0,,,,,,,,,,,,,,,,,,,,,,,,,,,,,,,,,,,,,,,,,,,,,,,,,,,,,,,,,,,,,,,,,,,,,,,,,,,,,,,,,,,,,,,,,,,,,,,,,,,,,,,,,,,,,,,,,,,,,,,,,,,,,,,,,,,,,,,,,,,,,,,,,,,,,,,,,,,,,,,,,,,,,,,,,,,,,,,,,,,,,,,,,,,,,,,,,,,,,,,,,,,,,,,,,,,,,,,,,,,,,,,,,,,,,,,,,,,,,,,,,,,,2.0,2.0,2.0,2.0,3.0,3.0,2.0,2.0,3.0,3.0,1.0,4.0,3.0,1.0,3.0,2.0,3.0,2.0,1.0,4.0,2.0,3.0,1.0,1.0,3.0,1.0,3.0,3.0,3.0,3.0,1.0,1.0,1.0,2.0,2.0,3.0,2.0,2.0,2.0,2.0,1.0,1.0,2.0,2.0,1.0,1.0,3.0,2.0,2.0,3.0,3.0,3.0,2.0,2.0,1.0,3.0,4.0,3.0,4.0,4.0,2.0,3.0,3.0,5.0,4.0,5.0,3.0,2.0,1.0,3.0,1.0,4.0,3.0,3.0,3.0,2.0,2.0,4.0,3.0,3.0,1.0,4.0,2.0,3.0,2.0,4.0,2.0,2.0,2.0,3.0,2.0,3.0,3.0,3.0,2.0,3.0,2.0,2.0,4.0,3.0,2.0,3.0,3.0,3.0,3.0,1.0,2.0,2.0,4.0,3.0,3.0,5.0,3.0,3.0,3.0,5.0,2.0,3.0,4.0,3.0,4.0,2.0,2.0,2.0,4.0,3.0,3.0,1.0,2.0,2.0,2.0,2.0,3.0,4.0,3.0,4.0,4.0,3.0,4.0,3.0,3.0,3.0,2.0,3.0,4.0,3.0,4.0,4.0,3.0,4.0,3.0,2.0,3.0,2.0,4.0,2.0,3.0,3.0,3.0,3.0,3.0,3.0,3.0,5.0,4.0,3.0,3.0,5.0,5.0,4.0,2.0,3.0,3.0,3.0,3.0,4.0,4.0,4.0,4.0,4.0,4.0,4.0,4.0,2.0,4.0,2.0,3.0,2.0,2.0,2.0,3.0,2.0,2.0,4.0,3.0,2.0,3.0,2.0,4.0,3.0,2.0,3.0,2.0,3.0,2.0,4.0,3.0,3.0,3.0,3.0,2.0,2.0,2.0,3.0,4.0,4.0,2.0,3.0,2.0,2.0,2.0,2.0,3.0,3.0,3.0,2.0,4.0,3.0,3.0,3.0,3.0,2.0,2.0,2.0,2.0,3.0,3.0,2.0,2.0,4.0,4.0,1.0,1.0
SGK1519215,Göteborg,Dator 02,P8FB0001042,12004.0,SGK1519215,1.0,,,,,,,,,,,,,,,,,,,,,,2.0,Completed,42072.58358796296,1229.0,11988.0,LOCAL,,0.0,,88.0,44.0,106.0,43.0,91.0,43.0,122.0,48.0,117.0,73.0,9.0,36.0,15.0,52.0,21.0,55.0,12.0,43.0,9.0,39.0,22.0,54.0,17.0,37.0,21.0,56.0,24.0,50.0,17.0,50.0,13.0,35.0,14.0,39.0,20.0,49.0,18.0,51.0,12.0,43.0,12.0,39.0,11.0,42.0,18.0,46.0,21.0,51.0,16.0,41.0,24.0,54.0,16.0,44.0,22.0,54.0,23.0,52.0,22.0,71.0,16.0,60.0,22.0,70.0,20.0,68.0,20.0,64.0,17.0,67.0,,,,,,,,,,,,,,,,,,,,,,,,,,,,,,,,,,,,,,,,,,,,,,,,,,,,,,,,,,,,,,,,,,,,,,,,,,,,,,,,,,,,,,,,,,,,,,,,,,,,,,,,,,,,,,,,,,,,,,,,,,,,,,,,,,,,,,,,,,,,,,,,,,,,,,,,,,,,,,,,,,,,,,,,,,,,,,,,,,,,,,,,,,,,,,,,,,,,,,,,,,,,,,,,,,,,,,,,,,,,,,,,,,,,,,,,,,,,,,,,,,,,2.0,4.0,3.0,2.0,4.0,2.0,4.0,2.0,2.0,4.0,2.0,2.0,4.0,2.0,5.0,4.0,4.0,4.0,4.0,4.0,4.0,2.0,2.0,2.0,4.0,2.0,2.0,2.0,4.0,4.0,4.0,4.0,4.0,4.0,1.0,4.0,2.0,5.0,2.0,4.0,4.0,4.0,2.0,4.0,2.0,3.0,2.0,2.0,4.0,2.0,4.0,4.0,4.0,2.0,2.0,3.0,2.0,4.0,2.0,4.0,2.0,4.0,2.0,3.0,4.0,4.0,2.0,5.0,4.0,2.0,2.0,2.0,4.0,2.0,5.0,2.0,4.0,4.0,4.0,4.0,2.0,4.0,2.0,2.0,2.0,4.0,4.0,2.0,4.0,4.0,2.0,2.0,4.0,4.0,4.0,4.0,4.0,3.0,4.0,5.0,2.0,4.0,4.0,4.0,2.0,1.0,2.0,4.0,2.0,4.0,4.0,4.0,4.0,4.0,4.0,2.0,4.0,4.0,3.0,2.0,2.0,4.0,2.0,4.0,2.0,2.0,2.0,4.0,4.0,2.0,4.0,4.0,4.0,2.0,4.0,4.0,4.0,4.0,2.0,2.0,2.0,4.0,2.0,2.0,3.0,4.0,2.0,4.0,4.0,4.0,4.0,2.0,4.0,4.0,4.0,2.0,4.0,4.0,2.0,4.0,4.0,4.0,2.0,4.0,4.0,4.0,4.0,4.0,4.0,4.0,4.0,2.0,4.0,4.0,4.0,2.0,4.0,4.0,4.0,2.0,2.0,4.0,4.0,4.0,2.0,4.0,2.0,2.0,4.0,2.0,4.0,4.0,3.0,4.0,2.0,4.0,2.0,4.0,4.0,3.0,4.0,2.0,2.0,4.0,4.0,4.0,4.0,2.0,4.0,4.0,4.0,4.0,4.0,4.0,4.0,4.0,2.0,2.0,4.0,4.0,4.0,4.0,4.0,4.0,4.0,4.0,4.0,4.0,2.0,4.0,4.0,1.0,3.0,2.0,2.0,4.0,4.0,2.0,4.0,4.0,3.0,2.0,1.0
SGK1519216,Göteborg,Dator 02,P8FB0001043,12004.0,SGK1519216,2.0,,,,,,,,,,,,,,,,,,,,,,2.0,Completed,42079.56228009259,2346.0,11988.0,LOCAL,,0.0,,85.0,39.0,84.0,29.0,94.0,43.0,105.0,32.0,143.0,76.0,16.0,49.0,8.0,36.0,19.0,44.0,13.0,43.0,13.0,44.0,16.0,35.0,14.0,31.0,17.0,44.0,23.0,45.0,11.0,37.0,13.0,34.0,6.0,24.0,13.0,27.0,16.0,44.0,10.0,43.0,16.0,47.0,25.0,70.0,14.0,35.0,8.0,22.0,25.0,56.0,24.0,48.0,15.0,41.0,19.0,42.0,14.0,22.0,24.0,66.0,24.0,75.0,27.0,72.0,20.0,62.0,24.0,68.0,24.0,77.0,,,,,,,,,,,,,,,,,,,,,,,,,,,,,,,,,,,,,,,,,,,,,,,,,,,,,,,,,,,,,,,,,,,,,,,,,,,,,,,,,,,,,,,,,,,,,,,,,,,,,,,,,,,,,,,,,,,,,,,,,,,,,,,,,,,,,,,,,,,,,,,,,,,,,,,,,,,,,,,,,,,,,,,,,,,,,,,,,,,,,,,,,,,,,,,,,,,,,,,,,,,,,,,,,,,,,,,,,,,,,,,,,,,,,,,,,,,,,,,,,,,,1.0,2.0,3.0,3.0,3.0,3.0,4.0,5.0,3.0,4.0,1.0,3.0,3.0,1.0,5.0,2.0,1.0,5.0,4.0,4.0,3.0,3.0,3.0,3.0,3.0,4.0,4.0,3.0,3.0,5.0,4.0,4.0,4.0,1.0,4.0,1.0,3.0,3.0,1.0,5.0,5.0,3.0,2.0,4.0,1.0,3.0,3.0,3.0,3.0,3.0,3.0,1.0,3.0,3.0,3.0,1.0,3.0,3.0,3.0,1.0,2.0,4.0,3.0,5.0,3.0,3.0,3.0,5.0,5.0,3.0,1.0,3.0,3.0,3.0,5.0,5.0,3.0,3.0,3.0,3.0,2.0,5.0,1.0,3.0,3.0,5.0,3.0,3.0,3.0,5.0,5.0,3.0,2.0,1.0,3.0,1.0,3.0,1.0,2.0,4.0,5.0,5.0,3.0,4.0,3.0,1.0,2.0,3.0,3.0,3.0,4.0,1.0,5.0,4.0,4.0,3.0,2.0,3.0,5.0,1.0,3.0,3.0,3.0,3.0,4.0,3.0,3.0,3.0,3.0,3.0,4.0,3.0,4.0,1.0,4.0,3.0,4.0,4.0,1.0,3.0,3.0,4.0,3.0,3.0,3.0,5.0,3.0,3.0,3.0,4.0,3.0,3.0,3.0,3.0,5.0,1.0,4.0,3.0,1.0,1.0,3.0,5.0,3.0,3.0,3.0,3.0,3.0,3.0,5.0,3.0,5.0,5.0,3.0,3.0,3.0,4.0,3.0,3.0,1.0,3.0,3.0,3.0,3.0,1.0,3.0,5.0,3.0,1.0,1.0,2.0,5.0,1.0,4.0,5.0,3.0,4.0,3.0,3.0,1.0,1.0,5.0,3.0,4.0,5.0,5.0,1.0,3.0,3.0,5.0,3.0,5.0,1.0,3.0,3.0,3.0,3.0,3.0,3.0,3.0,3.0,3.0,3.0,3.0,3.0,3.0,3.0,3.0,3.0,3.0,1.0,1.0,3.0,3.0,3.0,3.0,3.0,3.0,3.0,3.0,2.0,5.0,1.0,1.0
TP999,Göteborg,Dator 02,P8FB0001044,12003.0,,2.0,,,,,,,,,,,,,,,,,,,,,,2.0,Completed,42103.44315972222,927.0,11988.0,LOCAL,,0.0,,123.0,57.0,126.0,52.0,77.0,35.0,146.0,57.0,121.0,66.0,23.0,62.0,27.0,65.0,21.0,49.0,15.0,48.0,20.0,57.0,17.0,37.0,20.0,47.0,22.0,56.0,27.0,55.0,10.0,35.0,26.0,61.0,21.0,54.0,23.0,51.0,7.0,28.0,8.0,39.0,18.0,52.0,5.0,35.0,16.0,39.0,20.0,45.0,28.0,63.0,25.0,51.0,25.0,62.0,25.0,56.0,23.0,47.0,25.0,67.0,15.0,56.0,27.0,72.0,18.0,58.0,18.0,55.0,18.0,64.0,,,,,,,,,,,,,,,,,,,,,,,,,,,,,,,,,,,,,,,,,,,,,,,,,,,,,,,,,,,,,,,,,,,,,,,,,,,,,,,,,,,,,,,,,,,,,,,,,,,,,,,,,,,,,,,,,,,,,,,,,,,,,,,,,,,,,,,,,,,,,,,,,,,,,,,,,,,,,,,,,,,,,,,,,,,,,,,,,,,,,,,,,,,,,,,,,,,,,,,,,,,,,,,,,,,,,,,,,,,,,,,,,,,,,,,,,,,,,,,,,,,,1.0,4.0,4.0,2.0,3.0,2.0,4.0,1.0,5.0,2.0,1.0,2.0,4.0,2.0,5.0,2.0,4.0,4.0,5.0,2.0,3.0,1.0,2.0,1.0,5.0,2.0,2.0,3.0,4.0,4.0,4.0,3.0,2.0,4.0,1.0,4.0,1.0,5.0,1.0,4.0,4.0,4.0,2.0,5.0,1.0,2.0,4.0,2.0,3.0,2.0,2.0,5.0,2.0,4.0,1.0,2.0,4.0,4.0,2.0,4.0,2.0,4.0,4.0,1.0,3.0,4.0,4.0,2.0,4.0,1.0,1.0,1.0,3.0,1.0,5.0,2.0,2.0,4.0,4.0,4.0,2.0,1.0,5.0,2.0,5.0,4.0,4.0,1.0,4.0,3.0,4.0,1.0,3.0,4.0,2.0,2.0,2.0,5.0,3.0,4.0,5.0,4.0,2.0,4.0,1.0,1.0,2.0,5.0,1.0,2.0,4.0,5.0,3.0,4.0,2.0,4.0,2.0,2.0,3.0,4.0,2.0,4.0,4.0,4.0,2.0,2.0,4.0,1.0,5.0,1.0,5.0,3.0,4.0,2.0,5.0,3.0,2.0,2.0,4.0,5.0,3.0,2.0,4.0,2.0,4.0,4.0,4.0,4.0,4.0,2.0,4.0,4.0,3.0,4.0,2.0,4.0,3.0,4.0,1.0,2.0,4.0,4.0,4.0,3.0,3.0,2.0,4.0,3.0,2.0,4.0,3.0,1.0,2.0,3.0,2.0,4.0,2.0,3.0,4.0,4.0,2.0,3.0,1.0,3.0,3.0,4.0,4.0,3.0,1.0,5.0,3.0,2.0,4.0,4.0,5.0,2.0,2.0,3.0,3.0,2.0,3.0,4.0,3.0,4.0,2.0,2.0,2.0,2.0,4.0,4.0,4.0,4.0,2.0,2.0,4.0,3.0,1.0,4.0,2.0,1.0,4.0,4.0,4.0,4.0,2.0,4.0,4.0,4.0,1.0,1.0,2.0,2.0,3.0,1.0,3.0,2.0,4.0,4.0,4.0,4.0,4.0,1.0,1.0
SGK1529066,Göteborg,Dator 02,P8FB0001045,12003.0,SGK1529066,1.0,,,,,,,,,,,,,,,,,,,,,,2.0,Completed,42121.55428240741,2273.0,11988.0,LOCAL,,0.0,,88.0,44.0,155.0,68.0,127.0,60.0,151.0,65.0,40.0,34.0,18.0,54.0,4.0,34.0,17.0,46.0,13.0,46.0,12.0,44.0,24.0,59.0,26.0,62.0,19.0,51.0,30.0,64.0,21.0,59.0,32.0,74.0,27.0,66.0,27.0,65.0,26.0,66.0,16.0,50.0,13.0,41.0,17.0,53.0,28.0,65.0,30.0,72.0,25.0,59.0,31.0,73.0,13.0,37.0,26.0,62.0,26.0,60.0,5.0,37.0,3.0,31.0,10.0,45.0,4.0,30.0,9.0,36.0,9.0,48.0,,,,,,,,,,,,,,,,,,,,,,,,,,,,,,,,,,,,,,,,,,,,,,,,,,,,,,,,,,,,,,,,,,,,,,,,,,,,,,,,,,,,,,,,,,,,,,,,,,,,,,,,,,,,,,,,,,,,,,,,,,,,,,,,,,,,,,,,,,,,,,,,,,,,,,,,,,,,,,,,,,,,,,,,,,,,,,,,,,,,,,,,,,,,,,,,,,,,,,,,,,,,,,,,,,,,,,,,,,,,,,,,,,,,,,,,,,,,,,,,,,,,3.0,5.0,4.0,1.0,5.0,1.0,1.0,4.0,3.0,5.0,1.0,3.0,4.0,2.0,5.0,1.0,5.0,1.0,1.0,5.0,5.0,1.0,1.0,1.0,5.0,3.0,1.0,1.0,5.0,1.0,1.0,3.0,3.0,4.0,4.0,5.0,5.0,3.0,1.0,5.0,1.0,3.0,4.0,5.0,1.0,5.0,5.0,4.0,4.0,5.0,1.0,3.0,4.0,3.0,1.0,3.0,4.0,3.0,4.0,5.0,5.0,5.0,4.0,1.0,5.0,1.0,1.0,5.0,5.0,4.0,5.0,3.0,4.0,1.0,5.0,1.0,5.0,5.0,2.0,3.0,1.0,1.0,1.0,1.0,5.0,3.0,2.0,1.0,4.0,4.0,2.0,1.0,1.0,5.0,2.0,4.0,4.0,1.0,3.0,5.0,2.0,4.0,4.0,5.0,1.0,3.0,1.0,3.0,5.0,5.0,4.0,3.0,4.0,5.0,1.0,5.0,5.0,3.0,1.0,5.0,3.0,5.0,3.0,1.0,5.0,1.0,1.0,4.0,5.0,3.0,4.0,2.0,3.0,1.0,5.0,3.0,4.0,1.0,5.0,5.0,3.0,5.0,2.0,4.0,5.0,4.0,1.0,1.0,4.0,3.0,1.0,4.0,4.0,5.0,3.0,5.0,4.0,1.0,1.0,1.0,1.0,3.0,4.0,5.0,4.0,5.0,4.0,1.0,3.0,5.0,1.0,5.0,2.0,4.0,1.0,5.0,5.0,4.0,5.0,5.0,5.0,5.0,3.0,4.0,5.0,3.0,1.0,1.0,1.0,1.0,3.0,4.0,4.0,5.0,5.0,1.0,3.0,5.0,4.0,5.0,1.0,4.0,5.0,5.0,1.0,5.0,3.0,1.0,5.0,5.0,1.0,3.0,4.0,5.0,5.0,1.0,1.0,1.0,4.0,1.0,1.0,2.0,4.0,5.0,4.0,1.0,4.0,5.0,1.0,4.0,5.0,3.0,3.0,1.0,5.0,5.0,5.0,4.0,4.0,5.0,5.0,1.0,1.0
SGO1529280,Göteborg,Dator 02,P8FB0001047,12002.0,SGO1529280,1.0,,,,,,,,,,,,,,,,,,,,,,2.0,Completed,42128.55434027778,1542.0,11988.0,LOCAL,,0.0,,80.9,41.0,86.7,33.0,89.0,42.0,93.0,32.0,106.0,67.0,13.0,44.0,6.86,39.0,15.0,42.0,12.0,43.0,17.0,52.0,17.0,40.0,14.0,29.0,21.0,56.0,18.7,39.0,15.0,46.0,11.0,31.0,7.0,24.0,11.0,27.0,8.0,32.0,12.0,43.0,28.0,78.0,21.0,61.0,9.0,29.0,7.0,21.0,19.0,47.0,22.0,48.0,4.0,22.0,21.0,51.0,20.0,45.0,9.0,45.0,24.0,78.0,17.0,60.0,21.0,70.0,24.0,75.0,11.0,53.0,,,,,,,,,,,,,,,,,,,,,,,,,,,,,,,,,,,,,,,,,,,,,,,,,,,,,,,,,,,,,,,,,,,,,,,,,,,,,,,,,,,,,,,,,,,,,,,,,,,,,,,,,,,,,,,,,,,,,,,,,,,,,,,,,,,,,,,,,,,,,,,,,,,,,,,,,,,,,,,,,,,,,,,,,,,,,,,,,,,,,,,,,,,,,,,,,,,,,,,,,,,,,,,,,,,,,,,,,,,,,,,,,,,,,,,,,,,,,,,,,,,,4.0,2.0,3.0,4.0,2.0,5.0,5.0,2.0,4.0,2.0,2.0,4.0,3.0,1.0,3.0,4.0,1.0,4.0,3.0,5.0,4.0,5.0,5.0,2.0,2.0,4.0,5.0,4.0,5.0,5.0,1.0,4.0,3.0,2.0,4.0,2.0,1.0,1.0,3.0,5.0,4.0,5.0,5.0,4.0,3.0,3.0,3.0,3.0,4.0,3.0,4.0,5.0,2.0,4.0,3.0,4.0,3.0,5.0,5.0,2.0,5.0,3.0,2.0,5.0,3.0,5.0,5.0,5.0,1.0,3.0,2.0,4.0,3.0,4.0,,2.0,3.0,4.0,2.0,3.0,2.0,5.0,1.0,3.0,3.0,4.0,4.0,1.0,5.0,5.0,2.0,5.0,5.0,2.0,2.0,3.0,1.0,3.0,4.0,5.0,2.0,4.0,5.0,4.0,,1.0,5.0,5.0,5.0,2.0,5.0,1.0,3.0,4.0,5.0,5.0,1.0,5.0,3.0,1.0,5.0,1.0,1.0,4.0,5.0,2.0,5.0,,5.0,2.0,3.0,4.0,2.0,1.0,3.0,2.0,1.0,5.0,1.0,4.0,1.0,5.0,1.0,3.0,2.0,4.0,3.0,5.0,3.0,5.0,4.0,1.0,1.0,1.0,5.0,1.0,5.0,2.0,2.0,2.0,2.0,4.0,2.0,4.0,5.0,3.0,5.0,5.0,5.0,5.0,2.0,2.0,1.0,3.0,5.0,5.0,1.0,5.0,5.0,1.0,5.0,4.0,1.0,1.0,3.0,3.0,3.0,1.0,1.0,3.0,5.0,2.0,4.0,3.0,3.0,5.0,5.0,5.0,5.0,5.0,5.0,5.0,5.0,3.0,4.0,4.0,4.0,5.0,5.0,5.0,5.0,5.0,5.0,4.0,2.0,5.0,3.0,1.0,3.0,3.0,1.0,5.0,5.0,3.0,3.0,5.0,5.0,5.0,5.0,2.0,1.0,1.0,1.0,1.0,5.0,5.0,4.0,5.0,1.0,3.0,4.0,2.0,1.0
SGK1529067,Göteborg,Dator 02,P8FB0001048,12002.0,SGK1529067,2.0,,,,,,,,,,,,,,,,,,,,,,2.0,Completed,42135.543125,1652.0,11988.0,LOCAL,,0.0,,89.0,40.0,98.0,37.0,101.0,46.0,108.0,33.0,128.0,69.0,12.0,41.0,16.0,48.0,20.0,47.0,14.0,46.0,13.0,44.0,14.0,29.0,17.0,39.0,20.0,51.0,21.0,39.0,14.0,44.0,11.0,30.0,15.0,42.0,16.0,34.0,18.0,48.0,16.0,54.0,16.0,47.0,17.0,56.0,18.0,42.0,9.0,22.0,17.0,39.0,24.0,48.0,15.0,41.0,22.0,49.0,21.0,41.0,21.0,61.0,24.0,75.0,25.0,68.0,21.0,64.0,23.0,66.0,14.0,55.0,,,,,,,,,,,,,,,,,,,,,,,,,,,,,,,,,,,,,,,,,,,,,,,,,,,,,,,,,,,,,,,,,,,,,,,,,,,,,,,,,,,,,,,,,,,,,,,,,,,,,,,,,,,,,,,,,,,,,,,,,,,,,,,,,,,,,,,,,,,,,,,,,,,,,,,,,,,,,,,,,,,,,,,,,,,,,,,,,,,,,,,,,,,,,,,,,,,,,,,,,,,,,,,,,,,,,,,,,,,,,,,,,,,,,,,,,,,,,,,,,,,,1.0,3.0,3.0,5.0,4.0,4.0,3.0,4.0,2.0,4.0,2.0,4.0,3.0,2.0,3.0,4.0,4.0,4.0,4.0,2.0,2.0,4.0,3.0,3.0,2.0,2.0,2.0,3.0,4.0,4.0,3.0,2.0,4.0,2.0,4.0,2.0,3.0,5.0,3.0,5.0,5.0,5.0,3.0,5.0,2.0,3.0,3.0,3.0,4.0,2.0,3.0,5.0,3.0,4.0,5.0,4.0,4.0,3.0,3.0,4.0,3.0,3.0,2.0,4.0,4.0,5.0,4.0,5.0,2.0,3.0,2.0,3.0,4.0,4.0,5.0,4.0,3.0,5.0,4.0,4.0,1.0,4.0,4.0,3.0,4.0,5.0,4.0,1.0,4.0,4.0,3.0,4.0,4.0,3.0,4.0,3.0,5.0,3.0,3.0,5.0,5.0,3.0,3.0,5.0,4.0,2.0,3.0,5.0,3.0,2.0,4.0,5.0,5.0,5.0,4.0,4.0,3.0,2.0,2.0,2.0,2.0,3.0,2.0,4.0,4.0,4.0,4.0,3.0,5.0,4.0,4.0,4.0,4.0,2.0,4.0,3.0,3.0,4.0,2.0,3.0,2.0,4.0,3.0,2.0,3.0,4.0,4.0,4.0,3.0,3.0,4.0,2.0,4.0,2.0,3.0,2.0,4.0,5.0,2.0,4.0,4.0,4.0,2.0,4.0,3.0,2.0,4.0,5.0,4.0,4.0,3.0,5.0,4.0,3.0,4.0,4.0,3.0,4.0,4.0,3.0,4.0,4.0,2.0,2.0,2.0,4.0,1.0,2.0,2.0,1.0,4.0,4.0,3.0,4.0,4.0,3.0,3.0,4.0,3.0,3.0,4.0,4.0,3.0,4.0,3.0,4.0,2.0,4.0,4.0,4.0,5.0,3.0,3.0,3.0,4.0,4.0,2.0,3.0,4.0,4.0,3.0,3.0,4.0,4.0,4.0,4.0,3.0,4.0,3.0,2.0,2.0,2.0,2.0,2.0,2.0,3.0,4.0,5.0,3.0,3.0,4.0,1.0,1.0
TP999,Göteborg,Dator 02,P8FB0001049,12001.0,,2.0,,,,,,,,,,,,,,,,,,,,,,2.0,,42157.59365740741,0.0,11988.0,LOCAL,,0.0,,,,,,,,,,,,,,,,,,,,,,,,,,,,,,,,,,,,,,,,,,,,,,,,,,,,,,,,,,,,,,,,,,,,,,,,,,,,,,,,,,,,,,,,,,,,,,,,,,,,,,,,,,,,,,,,,,,,,,,,,,,,,,,,,,,,,,,,,,,,,,,,,,,,,,,,,,,,,,,,,,,,,,,,,,,,,,,,,,,,,,,,,,,,,,,,,,,,,,,,,,,,,,,,,,,,,,,,,,,,,,,,,,,,,,,,,,,,,,,,,,,,,,,,,,,,,,,,,,,,,,,,,,,,,,,,,,,,,,,,,,,,,,,,,,,,,,,,,,,,,,,,,,,,,,,,,,,,,,,,,,,,,,,,,,,,,,,,,,,,,,,,,,,,,,,,,,,,,,,,,,,,,,,,,,,,,,,,,,,,,,,,,,,,,,,,,,,,,,,,,,,,,,,,,,,,,,,,,,,,,,,,,,,,,,,,,,,,,,,,,,,,,,,,,,,,,,,,,,,,,,,,,,,,,,,,,,,,,,,,,,,,,,,,,,,,,,,,,,,,,,,,,,,,,,,,,,,,,,,,,,,,,,,,,,,,,,,,,,,,,,,,,,,,,,,,,,,,,
SGO1539335,Göteborg,Dator 02,P8FB0001052,11999.0,SGO1539335,1.0,,,,,,,,,,,,,,,,,,,,,,2.0,Completed,42240.59957175926,2002.0,11988.0,LOCAL,,0.0,,114.0,57.0,124.0,52.0,82.0,38.0,124.0,50.0,123.0,76.0,19.0,56.0,23.0,64.0,24.0,62.0,11.0,41.0,14.0,47.0,23.0,56.0,22.0,51.0,15.0,42.0,27.0,57.0,21.0,59.0,20.0,50.0,19.0,49.0,18.0,44.0,13.0,41.0,10.0,39.0,12.0,39.0,12.0,44.0,17.0,44.0,20.0,49.0,19.0,47.0,22.0,48.0,18.0,49.0,22.0,54.0,23.0,52.0,25.0,77.0,18.0,64.0,24.0,75.0,24.0,78.0,19.0,62.0,13.0,57.0,,,,,,,,,,,,,,,,,,,,,,,,,,,,,,,,,,,,,,,,,,,,,,,,,,,,,,,,,,,,,,,,,,,,,,,,,,,,,,,,,,,,,,,,,,,,,,,,,,,,,,,,,,,,,,,,,,,,,,,,,,,,,,,,,,,,,,,,,,,,,,,,,,,,,,,,,,,,,,,,,,,,,,,,,,,,,,,,,,,,,,,,,,,,,,,,,,,,,,,,,,,,,,,,,,,,,,,,,,,,,,,,,,,,,,,,,,,,,,,,,,,,1.0,2.0,4.0,3.0,5.0,2.0,2.0,1.0,4.0,3.0,3.0,3.0,2.0,3.0,5.0,4.0,2.0,2.0,5.0,1.0,2.0,2.0,2.0,2.0,4.0,2.0,4.0,2.0,3.0,3.0,2.0,3.0,3.0,2.0,3.0,2.0,1.0,2.0,2.0,4.0,5.0,5.0,1.0,3.0,2.0,1.0,3.0,2.0,3.0,4.0,2.0,5.0,3.0,3.0,3.0,3.0,4.0,4.0,2.0,3.0,2.0,3.0,4.0,2.0,4.0,2.0,5.0,2.0,2.0,2.0,2.0,2.0,4.0,1.0,5.0,5.0,5.0,5.0,3.0,2.0,2.0,3.0,2.0,2.0,4.0,4.0,4.0,2.0,3.0,4.0,5.0,2.0,2.0,4.0,2.0,1.0,5.0,5.0,5.0,3.0,5.0,5.0,1.0,5.0,1.0,2.0,2.0,2.0,2.0,4.0,5.0,4.0,5.0,4.0,3.0,4.0,4.0,4.0,2.0,3.0,2.0,3.0,2.0,2.0,5.0,2.0,5.0,2.0,5.0,4.0,5.0,3.0,5.0,3.0,4.0,3.0,4.0,4.0,2.0,3.0,3.0,3.0,2.0,2.0,4.0,3.0,4.0,3.0,4.0,2.0,4.0,2.0,2.0,3.0,4.0,2.0,3.0,2.0,2.0,3.0,4.0,3.0,2.0,4.0,4.0,2.0,3.0,2.0,4.0,4.0,3.0,4.0,2.0,3.0,3.0,4.0,3.0,4.0,3.0,4.0,2.0,4.0,2.0,3.0,3.0,3.0,2.0,5.0,2.0,4.0,3.0,2.0,4.0,4.0,4.0,4.0,2.0,3.0,3.0,3.0,3.0,3.0,4.0,4.0,2.0,4.0,2.0,2.0,5.0,4.0,5.0,5.0,4.0,5.0,4.0,4.0,2.0,4.0,3.0,4.0,3.0,3.0,3.0,3.0,4.0,3.0,3.0,3.0,2.0,2.0,3.0,2.0,4.0,2.0,3.0,3.0,4.0,2.0,5.0,4.0,4.0,1.0,1.0
SGK1539552,Göteborg,Dator 02,P8FB0001053,11998.0,SGK1539552,2.0,,,,,,,,,,,,,,,,,,,,,,2.0,Completed,42248.56993055555,1758.0,11988.0,LOCAL,,0.0,,73.0,33.0,99.0,37.0,115.0,53.0,122.0,42.0,115.0,64.0,16.0,49.0,6.0,33.0,19.0,44.0,7.0,31.0,7.0,33.0,18.0,40.0,11.0,24.0,18.0,47.0,25.0,50.0,11.0,37.0,23.0,55.0,11.0,34.0,17.0,37.0,18.0,48.0,17.0,56.0,19.0,54.0,18.0,58.0,26.0,57.0,13.0,29.0,19.0,43.0,27.0,57.0,13.0,37.0,24.0,54.0,26.0,55.0,25.0,67.0,13.7,54.0,19.0,58.0,21.0,64.0,21.0,62.0,15.0,57.0,,,,,,,,,,,,,,,,,,,,,,,,,,,,,,,,,,,,,,,,,,,,,,,,,,,,,,,,,,,,,,,,,,,,,,,,,,,,,,,,,,,,,,,,,,,,,,,,,,,,,,,,,,,,,,,,,,,,,,,,,,,,,,,,,,,,,,,,,,,,,,,,,,,,,,,,,,,,,,,,,,,,,,,,,,,,,,,,,,,,,,,,,,,,,,,,,,,,,,,,,,,,,,,,,,,,,,,,,,,,,,,,,,,,,,,,,,,,,,,,,,,,2.0,2.0,5.0,5.0,2.0,2.0,4.0,5.0,2.0,5.0,3.0,4.0,5.0,4.0,4.0,1.0,2.0,4.0,3.0,5.0,2.0,3.0,1.0,2.0,4.0,4.0,1.0,3.0,3.0,2.0,5.0,2.0,4.0,1.0,3.0,4.0,5.0,5.0,4.0,5.0,2.0,5.0,1.0,5.0,1.0,1.0,5.0,1.0,4.0,3.0,5.0,1.0,1.0,1.0,2.0,4.0,5.0,5.0,4.0,1.0,2.0,2.0,1.0,2.0,3.0,3.0,3.0,5.0,1.0,3.0,4.0,4.0,2.0,2.0,5.0,5.0,4.0,4.0,2.0,5.0,3.0,5.0,1.0,1.0,3.0,3.0,1.0,3.0,5.0,4.0,2.0,2.0,4.0,4.0,4.0,1.0,2.0,1.0,1.0,5.0,5.0,4.0,4.0,5.0,4.0,1.0,2.0,2.0,3.0,3.0,5.0,5.0,5.0,4.0,2.0,2.0,4.0,2.0,1.0,2.0,2.0,3.0,2.0,2.0,2.0,1.0,3.0,5.0,5.0,1.0,4.0,4.0,3.0,1.0,5.0,4.0,3.0,5.0,5.0,4.0,4.0,4.0,1.0,1.0,5.0,5.0,2.0,2.0,5.0,4.0,5.0,2.0,2.0,1.0,5.0,4.0,4.0,3.0,2.0,1.0,5.0,5.0,4.0,4.0,4.0,2.0,4.0,5.0,4.0,3.0,4.0,4.0,2.0,5.0,3.0,4.0,3.0,4.0,4.0,3.0,2.0,4.0,1.0,3.0,2.0,4.0,1.0,1.0,1.0,1.0,3.0,5.0,4.0,5.0,4.0,2.0,3.0,5.0,5.0,3.0,3.0,3.0,1.0,3.0,1.0,5.0,2.0,4.0,5.0,4.0,5.0,4.0,3.0,3.0,4.0,,2.0,1.0,3.0,5.0,3.0,2.0,4.0,5.0,4.0,3.0,4.0,5.0,3.0,3.0,3.0,1.0,1.0,1.0,3.0,4.0,4.0,3.0,5.0,1.0,5.0,1.0,1.0
SGK1539219,Göteborg,Dator 02,P8FB0001055,11998.0,SGK1539219,1.0,,,,,,,,,,,,,,,,,,,,,,2.0,Completed,42254.590162037035,1260.0,11988.0,LOCAL,,0.0,,122.0,60.0,21.0,20.0,67.0,31.0,136.0,57.0,143.0,80.0,29.0,76.0,14.0,50.0,20.0,53.0,8.0,35.0,26.0,67.0,25.0,62.0,4.0,21.0,2.0,21.0,10.0,20.0,0.0,22.0,1.0,21.0,4.0,20.0,23.0,56.0,12.0,40.0,6.0,32.0,6.0,24.0,7.0,34.0,13.0,37.0,21.0,51.0,18.0,45.0,23.0,51.0,21.0,57.0,27.0,64.0,26.0,60.0,21.0,69.0,19.0,67.0,29.0,80.0,19.0,66.0,28.0,80.0,27.0,80.0,,,,,,,,,,,,,,,,,,,,,,,,,,,,,,,,,,,,,,,,,,,,,,,,,,,,,,,,,,,,,,,,,,,,,,,,,,,,,,,,,,,,,,,,,,,,,,,,,,,,,,,,,,,,,,,,,,,,,,,,,,,,,,,,,,,,,,,,,,,,,,,,,,,,,,,,,,,,,,,,,,,,,,,,,,,,,,,,,,,,,,,,,,,,,,,,,,,,,,,,,,,,,,,,,,,,,,,,,,,,,,,,,,,,,,,,,,,,,,,,,,,,1.0,1.0,5.0,2.0,1.0,4.0,4.0,2.0,4.0,5.0,1.0,2.0,4.0,4.0,4.0,3.0,4.0,5.0,5.0,5.0,1.0,1.0,5.0,2.0,1.0,5.0,4.0,5.0,5.0,5.0,4.0,3.0,1.0,4.0,1.0,4.0,2.0,4.0,3.0,1.0,5.0,5.0,4.0,4.0,5.0,4.0,1.0,3.0,4.0,1.0,5.0,4.0,1.0,3.0,5.0,1.0,5.0,5.0,2.0,2.0,2.0,5.0,5.0,2.0,1.0,3.0,2.0,5.0,3.0,4.0,1.0,2.0,3.0,1.0,1.0,5.0,1.0,5.0,1.0,5.0,1.0,1.0,1.0,1.0,1.0,5.0,5.0,1.0,4.0,4.0,4.0,1.0,1.0,3.0,5.0,1.0,4.0,3.0,4.0,1.0,5.0,4.0,3.0,4.0,1.0,2.0,1.0,5.0,2.0,1.0,5.0,2.0,1.0,5.0,5.0,1.0,1.0,5.0,3.0,1.0,4.0,4.0,4.0,2.0,1.0,2.0,4.0,3.0,4.0,5.0,3.0,1.0,4.0,1.0,2.0,2.0,4.0,5.0,5.0,5.0,1.0,2.0,3.0,1.0,1.0,2.0,4.0,4.0,5.0,4.0,2.0,4.0,1.0,4.0,5.0,4.0,1.0,4.0,3.0,1.0,5.0,4.0,2.0,5.0,2.0,1.0,1.0,1.0,2.0,1.0,4.0,1.0,1.0,5.0,4.0,1.0,1.0,5.0,5.0,1.0,2.0,5.0,1.0,4.0,1.0,5.0,2.0,2.0,2.0,5.0,5.0,2.0,4.0,4.0,2.0,2.0,1.0,4.0,2.0,1.0,5.0,1.0,5.0,3.0,5.0,2.0,1.0,1.0,4.0,1.0,4.0,4.0,3.0,2.0,1.0,4.0,1.0,1.0,3.0,4.0,4.0,4.0,4.0,2.0,1.0,4.0,1.0,4.0,2.0,1.0,4.0,3.0,5.0,1.0,1.0,2.0,4.0,1.0,4.0,2.0,5.0,1.0,1.0
SGO1539249,Göteborg,Dator 02,P8FB0001056,11998.0,SGO1539249,2.0,,,,,,,,,,,,,,,,,,,,,,2.0,Completed,42275.55799768519,1074.0,11988.0,LOCAL,,0.0,,128.0,59.0,138.0,59.0,112.0,52.0,137.0,52.0,130.0,70.0,20.0,57.0,15.0,47.0,28.0,64.0,17.0,52.0,22.0,61.0,26.0,63.0,24.0,57.0,22.0,56.0,29.0,60.0,23.0,66.0,21.0,51.0,19.0,50.0,25.0,56.0,10.0,34.0,13.0,49.0,26.0,72.0,15.0,52.0,23.0,52.0,21.0,48.0,24.0,54.0,25.0,51.0,20.0,51.0,19.0,42.0,28.0,61.0,28.0,72.0,15.0,56.0,24.0,66.0,19.0,60.0,23.0,66.0,21.0,71.0,,,,,,,,,,,,,,,,,,,,,,,,,,,,,,,,,,,,,,,,,,,,,,,,,,,,,,,,,,,,,,,,,,,,,,,,,,,,,,,,,,,,,,,,,,,,,,,,,,,,,,,,,,,,,,,,,,,,,,,,,,,,,,,,,,,,,,,,,,,,,,,,,,,,,,,,,,,,,,,,,,,,,,,,,,,,,,,,,,,,,,,,,,,,,,,,,,,,,,,,,,,,,,,,,,,,,,,,,,,,,,,,,,,,,,,,,,,,,,,,,,,,1.0,3.0,4.0,3.0,4.0,2.0,3.0,2.0,2.0,1.0,2.0,3.0,4.0,2.0,5.0,2.0,2.0,2.0,5.0,2.0,2.0,2.0,4.0,3.0,4.0,3.0,2.0,2.0,5.0,4.0,4.0,3.0,1.0,4.0,2.0,1.0,1.0,3.0,2.0,4.0,4.0,3.0,1.0,5.0,2.0,3.0,5.0,5.0,4.0,2.0,4.0,5.0,3.0,2.0,3.0,3.0,5.0,5.0,2.0,3.0,1.0,4.0,4.0,2.0,4.0,2.0,4.0,2.0,2.0,2.0,2.0,2.0,5.0,2.0,5.0,5.0,2.0,4.0,4.0,2.0,2.0,5.0,3.0,4.0,4.0,5.0,3.0,2.0,4.0,3.0,4.0,1.0,2.0,4.0,2.0,4.0,4.0,3.0,1.0,5.0,5.0,4.0,2.0,4.0,1.0,3.0,3.0,3.0,2.0,4.0,4.0,4.0,2.0,5.0,3.0,2.0,4.0,5.0,1.0,4.0,1.0,5.0,3.0,3.0,4.0,2.0,5.0,3.0,5.0,2.0,5.0,3.0,5.0,1.0,5.0,3.0,1.0,3.0,3.0,2.0,2.0,4.0,3.0,3.0,4.0,4.0,3.0,3.0,4.0,2.0,5.0,4.0,2.0,4.0,2.0,4.0,1.0,2.0,1.0,4.0,3.0,4.0,2.0,4.0,3.0,3.0,5.0,2.0,3.0,5.0,5.0,5.0,1.0,3.0,3.0,2.0,4.0,4.0,5.0,4.0,2.0,4.0,4.0,4.0,4.0,4.0,2.0,3.0,1.0,5.0,4.0,3.0,5.0,4.0,5.0,3.0,4.0,2.0,4.0,4.0,3.0,3.0,5.0,5.0,3.0,3.0,1.0,1.0,5.0,4.0,4.0,5.0,4.0,3.0,4.0,4.0,2.0,1.0,2.0,3.0,3.0,3.0,4.0,3.0,5.0,5.0,4.0,4.0,1.0,4.0,3.0,1.0,3.0,2.0,5.0,3.0,3.0,2.0,4.0,3.0,5.0,1.0,1.0
SGK1549074,Göteborg,Dator 02,P8FB0001057,11996.0,SGK1549074,2.0,,,,,,,,,,,,,,,,,,,,,,2.0,Completed,42310.56543981482,1537.0,11988.0,LOCAL,,0.0,,135.0,63.0,86.0,30.0,113.0,52.0,136.0,51.0,136.0,73.0,14.0,45.0,24.0,60.0,24.0,55.0,25.0,68.0,24.0,65.0,24.0,57.0,14.0,31.0,14.0,37.0,24.0,47.0,12.0,40.0,6.0,20.0,16.0,44.0,29.0,65.0,27.0,64.0,13.0,49.0,15.0,44.0,22.0,64.0,7.0,22.0,18.0,41.0,15.0,35.0,27.0,57.0,20.0,51.0,28.0,63.0,28.0,61.0,21.0,61.0,19.0,65.0,29.0,75.0,18.0,58.0,22.0,64.0,27.0,80.0,,,,,,,,,,,,,,,,,,,,,,,,,,,,,,,,,,,,,,,,,,,,,,,,,,,,,,,,,,,,,,,,,,,,,,,,,,,,,,,,,,,,,,,,,,,,,,,,,,,,,,,,,,,,,,,,,,,,,,,,,,,,,,,,,,,,,,,,,,,,,,,,,,,,,,,,,,,,,,,,,,,,,,,,,,,,,,,,,,,,,,,,,,,,,,,,,,,,,,,,,,,,,,,,,,,,,,,,,,,,,,,,,,,,,,,,,,,,,,,,,,,,4.0,4.0,2.0,3.0,3.0,2.0,2.0,1.0,3.0,1.0,1.0,4.0,3.0,2.0,5.0,4.0,2.0,2.0,5.0,2.0,2.0,5.0,4.0,1.0,2.0,4.0,4.0,3.0,4.0,4.0,4.0,2.0,3.0,3.0,1.0,2.0,4.0,5.0,4.0,2.0,5.0,4.0,4.0,5.0,1.0,4.0,5.0,5.0,4.0,1.0,2.0,4.0,1.0,4.0,5.0,2.0,3.0,4.0,1.0,4.0,1.0,4.0,1.0,4.0,4.0,4.0,1.0,4.0,2.0,3.0,1.0,2.0,5.0,2.0,2.0,3.0,2.0,3.0,3.0,5.0,1.0,4.0,4.0,1.0,3.0,5.0,5.0,2.0,5.0,4.0,1.0,1.0,2.0,4.0,4.0,1.0,5.0,5.0,4.0,3.0,5.0,3.0,1.0,5.0,1.0,2.0,1.0,4.0,2.0,1.0,4.0,1.0,3.0,4.0,5.0,2.0,1.0,4.0,1.0,3.0,1.0,5.0,2.0,2.0,3.0,1.0,1.0,2.0,5.0,4.0,5.0,3.0,2.0,2.0,3.0,5.0,5.0,2.0,4.0,3.0,2.0,5.0,3.0,1.0,2.0,5.0,4.0,2.0,4.0,2.0,5.0,5.0,2.0,4.0,5.0,3.0,4.0,5.0,2.0,4.0,4.0,4.0,1.0,4.0,4.0,4.0,5.0,5.0,4.0,3.0,2.0,5.0,1.0,5.0,5.0,1.0,1.0,4.0,5.0,2.0,2.0,5.0,1.0,3.0,1.0,4.0,2.0,3.0,3.0,4.0,4.0,3.0,5.0,5.0,4.0,4.0,2.0,3.0,2.0,4.0,4.0,3.0,4.0,3.0,4.0,3.0,2.0,1.0,4.0,3.0,3.0,5.0,5.0,3.0,3.0,4.0,4.0,3.0,4.0,5.0,4.0,4.0,5.0,4.0,4.0,2.0,1.0,1.0,2.0,3.0,1.0,1.0,4.0,1.0,2.0,1.0,1.0,2.0,4.0,4.0,4.0,1.0,1.0
SGO1549342,Göteborg,Dator 02,P8FB0001058,11996.0,SGO1549342,1.0,,,,,,,,,,,,,,,,,,,,,,2.0,Completed,42317.59508101852,2305.0,11988.0,LOCAL,,0.0,,109.0,54.0,118.0,49.0,84.4,40.0,105.0,39.0,101.0,65.0,13.0,44.0,20.0,60.0,17.0,46.0,14.0,48.0,19.0,55.0,25.6,64.0,19.0,43.0,19.0,51.0,22.9,48.0,18.0,53.0,19.0,48.0,20.0,51.0,13.3,34.0,16.0,47.0,18.0,54.0,10.0,34.0,18.0,55.0,9.14,31.0,13.7,35.0,15.0,39.0,22.0,48.0,15.0,42.0,19.0,47.0,20.0,45.0,27.4,80.0,13.7,56.0,23.0,73.0,13.0,51.0,9.0,36.0,15.0,62.0,,,,,,,,,,,,,,,,,,,,,,,,,,,,,,,,,,,,,,,,,,,,,,,,,,,,,,,,,,,,,,,,,,,,,,,,,,,,,,,,,,,,,,,,,,,,,,,,,,,,,,,,,,,,,,,,,,,,,,,,,,,,,,,,,,,,,,,,,,,,,,,,,,,,,,,,,,,,,,,,,,,,,,,,,,,,,,,,,,,,,,,,,,,,,,,,,,,,,,,,,,,,,,,,,,,,,,,,,,,,,,,,,,,,,,,,,,,,,,,,,,,,1.0,3.0,3.0,3.0,4.0,2.0,3.0,1.0,2.0,3.0,1.0,3.0,5.0,,5.0,3.0,4.0,4.0,3.0,3.0,3.0,3.0,3.0,2.0,4.0,2.0,,,,5.0,3.0,3.0,4.0,1.0,4.0,3.0,3.0,5.0,3.0,3.0,3.0,2.0,4.0,5.0,2.0,3.0,3.0,5.0,4.0,4.0,3.0,3.0,3.0,3.0,2.0,3.0,5.0,5.0,4.0,4.0,2.0,,3.0,3.0,4.0,,3.0,3.0,2.0,2.0,1.0,4.0,4.0,,4.0,3.0,4.0,4.0,3.0,1.0,4.0,3.0,2.0,3.0,3.0,3.0,3.0,1.0,3.0,3.0,4.0,,3.0,3.0,2.0,4.0,3.0,3.0,4.0,4.0,3.0,3.0,3.0,4.0,,5.0,1.0,2.0,2.0,3.0,1.0,1.0,2.0,5.0,3.0,3.0,1.0,,1.0,4.0,1.0,3.0,3.0,3.0,3.0,2.0,3.0,3.0,4.0,2.0,4.0,3.0,2.0,,4.0,3.0,4.0,4.0,3.0,3.0,3.0,3.0,3.0,3.0,3.0,3.0,5.0,2.0,3.0,2.0,5.0,2.0,4.0,3.0,3.0,3.0,3.0,5.0,3.0,3.0,3.0,3.0,3.0,,3.0,4.0,2.0,2.0,4.0,4.0,1.0,3.0,3.0,3.0,3.0,3.0,2.0,3.0,4.0,4.0,,2.0,3.0,3.0,3.0,4.0,3.0,2.0,2.0,4.0,5.0,3.0,3.0,3.0,4.0,3.0,2.0,2.0,3.0,3.0,2.0,3.0,5.0,3.0,3.0,3.0,4.0,2.0,4.0,4.0,5.0,3.0,4.0,,4.0,3.0,3.0,2.0,3.0,2.0,3.0,3.0,3.0,3.0,3.0,3.0,4.0,3.0,3.0,1.0,4.0,3.0,4.0,3.0,4.0,3.0,1.0,,,4.0,5.0,2.0,1.0
SGK1541000,Göteborg,Dator 02,P8FB0001059,11996.0,SGK1541000,1.0,,,,,,,,,,,,,,,,,,,,,,2.0,Completed,42324.550520833334,2504.0,11988.0,LOCAL,,0.0,,103.0,51.0,104.0,42.0,121.0,57.0,109.0,41.0,94.0,61.0,19.0,56.0,13.0,49.0,22.0,58.0,14.0,48.0,16.0,50.0,19.2,48.0,20.0,45.0,13.0,37.0,21.0,43.0,16.0,48.0,20.0,50.0,14.0,39.0,21.0,51.0,17.0,49.0,18.0,54.0,17.0,51.0,26.0,71.0,22.0,54.0,20.0,49.0,12.0,33.0,28.0,65.0,13.0,37.0,15.0,39.0,21.0,47.0,12.0,51.0,17.0,62.0,21.0,68.0,11.0,47.0,18.0,59.0,15.0,62.0,,,,,,,,,,,,,,,,,,,,,,,,,,,,,,,,,,,,,,,,,,,,,,,,,,,,,,,,,,,,,,,,,,,,,,,,,,,,,,,,,,,,,,,,,,,,,,,,,,,,,,,,,,,,,,,,,,,,,,,,,,,,,,,,,,,,,,,,,,,,,,,,,,,,,,,,,,,,,,,,,,,,,,,,,,,,,,,,,,,,,,,,,,,,,,,,,,,,,,,,,,,,,,,,,,,,,,,,,,,,,,,,,,,,,,,,,,,,,,,,,,,,3.0,4.0,4.0,3.0,4.0,2.0,3.0,1.0,1.0,3.0,2.0,4.0,4.0,2.0,3.0,2.0,4.0,3.0,4.0,4.0,4.0,5.0,3.0,4.0,3.0,3.0,1.0,,3.0,5.0,2.0,4.0,3.0,4.0,2.0,3.0,3.0,4.0,4.0,3.0,4.0,4.0,1.0,5.0,3.0,4.0,4.0,4.0,5.0,,4.0,3.0,3.0,3.0,3.0,4.0,4.0,4.0,4.0,3.0,4.0,4.0,4.0,4.0,3.0,3.0,3.0,5.0,3.0,3.0,2.0,4.0,4.0,2.0,3.0,4.0,3.0,5.0,3.0,3.0,3.0,5.0,2.0,4.0,4.0,4.0,3.0,1.0,4.0,3.0,2.0,2.0,3.0,4.0,3.0,1.0,4.0,2.0,4.0,3.0,4.0,4.0,3.0,5.0,1.0,5.0,4.0,4.0,4.0,4.0,5.0,2.0,3.0,4.0,3.0,3.0,4.0,4.0,1.0,3.0,3.0,4.0,4.0,3.0,4.0,2.0,3.0,3.0,4.0,3.0,3.0,3.0,3.0,1.0,4.0,2.0,2.0,4.0,3.0,3.0,4.0,4.0,2.0,5.0,5.0,3.0,3.0,5.0,1.0,3.0,3.0,3.0,3.0,3.0,3.0,3.0,3.0,4.0,3.0,3.0,3.0,3.0,3.0,4.0,4.0,3.0,2.0,1.0,3.0,3.0,4.0,5.0,3.0,3.0,3.0,4.0,3.0,3.0,5.0,3.0,4.0,4.0,1.0,4.0,3.0,4.0,3.0,1.0,3.0,5.0,4.0,4.0,5.0,5.0,4.0,2.0,3.0,3.0,4.0,4.0,3.0,4.0,4.0,5.0,3.0,3.0,2.0,,5.0,3.0,3.0,4.0,5.0,5.0,4.0,3.0,3.0,1.0,4.0,4.0,3.0,2.0,3.0,4.0,3.0,3.0,3.0,2.0,3.0,2.0,3.0,4.0,4.0,3.0,4.0,3.0,4.0,,4.0,3.0,5.0,2.0,1.0
SGO1549343,Göteborg,Dator 02,P8FB0001064,11995.0,SGO1549343,1.0,,,,,,,,,,,,,,,,,,,,,,2.0,Completed,42341.52415509259,2618.0,11988.0,LOCAL,,0.0,,93.0,47.0,133.0,56.0,86.0,40.0,97.0,34.0,99.0,64.0,16.0,50.0,15.0,52.0,20.0,53.0,14.0,48.0,19.0,55.0,9.0,21.0,23.0,54.0,20.0,53.0,24.0,50.0,26.0,70.0,21.0,52.0,19.0,49.0,13.0,32.0,18.0,51.0,12.0,43.0,12.0,39.0,19.0,57.0,12.0,35.0,9.0,23.0,15.0,39.0,23.0,51.0,11.0,32.0,20.0,49.0,19.0,42.0,19.0,65.0,18.0,64.0,22.0,70.0,14.0,54.0,15.0,52.0,11.0,53.0,,,,,,,,,,,,,,,,,,,,,,,,,,,,,,,,,,,,,,,,,,,,,,,,,,,,,,,,,,,,,,,,,,,,,,,,,,,,,,,,,,,,,,,,,,,,,,,,,,,,,,,,,,,,,,,,,,,,,,,,,,,,,,,,,,,,,,,,,,,,,,,,,,,,,,,,,,,,,,,,,,,,,,,,,,,,,,,,,,,,,,,,,,,,,,,,,,,,,,,,,,,,,,,,,,,,,,,,,,,,,,,,,,,,,,,,,,,,,,,,,,,,2.0,3.0,3.0,4.0,5.0,3.0,1.0,3.0,2.0,2.0,2.0,3.0,3.0,2.0,4.0,2.0,4.0,3.0,4.0,3.0,4.0,3.0,4.0,3.0,4.0,2.0,4.0,3.0,5.0,4.0,2.0,3.0,3.0,2.0,1.0,3.0,4.0,4.0,3.0,4.0,4.0,4.0,2.0,4.0,2.0,3.0,3.0,2.0,4.0,4.0,3.0,1.0,3.0,4.0,3.0,4.0,4.0,1.0,2.0,4.0,4.0,4.0,3.0,4.0,4.0,4.0,4.0,4.0,2.0,2.0,1.0,3.0,4.0,3.0,4.0,2.0,4.0,4.0,2.0,2.0,4.0,4.0,2.0,2.0,4.0,2.0,5.0,1.0,5.0,4.0,4.0,4.0,3.0,2.0,3.0,3.0,3.0,2.0,4.0,4.0,3.0,4.0,2.0,4.0,3.0,2.0,2.0,4.0,3.0,4.0,4.0,1.0,2.0,4.0,3.0,4.0,4.0,2.0,5.0,4.0,1.0,3.0,2.0,3.0,4.0,3.0,3.0,3.0,5.0,3.0,4.0,3.0,4.0,2.0,4.0,4.0,4.0,4.0,2.0,1.0,3.0,3.0,3.0,3.0,4.0,4.0,4.0,5.0,4.0,2.0,4.0,2.0,3.0,2.0,3.0,4.0,2.0,3.0,3.0,3.0,4.0,4.0,3.0,4.0,4.0,4.0,4.0,4.0,4.0,4.0,3.0,3.0,1.0,4.0,3.0,4.0,2.0,2.0,3.0,3.0,3.0,2.0,,1.0,3.0,4.0,2.0,2.0,3.0,4.0,4.0,2.0,4.0,4.0,4.0,2.0,3.0,3.0,4.0,5.0,4.0,2.0,3.0,2.0,2.0,3.0,4.0,4.0,4.0,4.0,3.0,2.0,2.0,3.0,4.0,4.0,3.0,4.0,3.0,2.0,2.0,3.0,2.0,4.0,5.0,3.0,2.0,4.0,4.0,5.0,4.0,2.0,3.0,2.0,4.0,4.0,3.0,5.0,1.0,4.0,4.0,2.0,1.0
SGK1549010,Göteborg,Dator 02,P8FB0001065,11995.0,SGK1549010,2.0,,,,,,,,,,,,,,,,,,,,,,2.0,Completed,42346.55991898148,1587.0,11988.0,LOCAL,,0.0,,100.0,46.0,114.0,45.0,130.0,60.0,136.0,51.0,91.0,54.0,17.0,51.0,11.0,41.0,20.0,47.0,17.0,52.0,11.0,40.0,24.0,57.0,21.0,49.0,18.0,47.0,18.0,32.0,13.0,42.0,21.0,51.0,23.0,57.0,25.0,56.0,20.0,51.0,20.0,61.0,21.0,59.0,17.0,56.0,27.0,59.0,22.0,50.0,25.0,56.0,28.0,60.0,22.0,56.0,19.0,42.0,20.0,39.0,19.0,57.0,15.0,56.0,10.0,42.0,13.0,48.0,23.0,66.0,11.0,48.0,,,,,,,,,,,,,,,,,,,,,,,,,,,,,,,,,,,,,,,,,,,,,,,,,,,,,,,,,,,,,,,,,,,,,,,,,,,,,,,,,,,,,,,,,,,,,,,,,,,,,,,,,,,,,,,,,,,,,,,,,,,,,,,,,,,,,,,,,,,,,,,,,,,,,,,,,,,,,,,,,,,,,,,,,,,,,,,,,,,,,,,,,,,,,,,,,,,,,,,,,,,,,,,,,,,,,,,,,,,,,,,,,,,,,,,,,,,,,,,,,,,,3.0,4.0,2.0,1.0,4.0,3.0,3.0,3.0,3.0,3.0,2.0,4.0,5.0,1.0,2.0,3.0,2.0,1.0,5.0,5.0,2.0,2.0,3.0,4.0,4.0,1.0,4.0,1.0,2.0,1.0,4.0,4.0,1.0,1.0,4.0,4.0,4.0,3.0,1.0,5.0,3.0,1.0,1.0,4.0,3.0,2.0,5.0,5.0,4.0,2.0,5.0,4.0,5.0,4.0,2.0,5.0,5.0,5.0,4.0,4.0,5.0,5.0,1.0,1.0,4.0,2.0,2.0,5.0,4.0,5.0,2.0,1.0,5.0,1.0,5.0,1.0,2.0,4.0,2.0,1.0,1.0,1.0,1.0,3.0,4.0,4.0,1.0,1.0,5.0,1.0,4.0,1.0,5.0,4.0,2.0,1.0,2.0,1.0,2.0,5.0,1.0,1.0,1.0,5.0,1.0,1.0,2.0,4.0,3.0,4.0,5.0,1.0,2.0,4.0,4.0,3.0,4.0,4.0,2.0,1.0,3.0,4.0,2.0,1.0,5.0,3.0,5.0,1.0,5.0,1.0,2.0,1.0,1.0,1.0,5.0,2.0,1.0,5.0,5.0,3.0,1.0,4.0,1.0,3.0,5.0,3.0,1.0,5.0,4.0,2.0,4.0,5.0,2.0,5.0,1.0,1.0,5.0,1.0,1.0,1.0,1.0,1.0,1.0,4.0,1.0,4.0,3.0,2.0,1.0,4.0,4.0,5.0,2.0,3.0,4.0,4.0,5.0,5.0,5.0,3.0,1.0,4.0,1.0,4.0,1.0,2.0,1.0,4.0,1.0,3.0,2.0,2.0,1.0,5.0,4.0,2.0,1.0,5.0,1.0,1.0,1.0,2.0,1.0,5.0,1.0,3.0,1.0,4.0,3.0,5.0,3.0,4.0,1.0,1.0,4.0,1.0,4.0,1.0,4.0,3.0,1.0,1.0,1.0,3.0,1.0,2.0,5.0,1.0,3.0,1.0,4.0,4.0,4.0,3.0,3.0,4.0,4.0,1.0,3.0,4.0,3.0,1.0,1.0
SGO1619481,Göteborg,Dator 02,P8FB0001067,11994.0,,1.0,,,,,,,,,,,,,,,,,,,,,,2.0,Completed,42373.55664351852,1321.0,11988.0,LOCAL,,0.0,,87.0,44.0,121.0,50.0,91.0,43.0,112.0,43.0,50.0,39.0,9.0,36.0,4.0,34.0,17.0,46.0,19.0,59.0,17.0,52.0,21.0,51.0,23.0,54.0,14.0,40.0,28.0,60.0,17.0,50.0,22.0,54.0,17.0,45.0,17.0,41.0,15.0,45.0,16.0,50.0,15.0,46.0,18.0,55.0,10.0,31.0,10.0,25.0,22.0,53.0,20.0,43.0,16.0,44.0,24.0,58.0,20.0,45.0,4.0,35.0,9.0,44.0,9.0,43.0,7.0,37.0,12.0,44.0,9.0,48.0,,,,,,,,,,,,,,,,,,,,,,,,,,,,,,,,,,,,,,,,,,,,,,,,,,,,,,,,,,,,,,,,,,,,,,,,,,,,,,,,,,,,,,,,,,,,,,,,,,,,,,,,,,,,,,,,,,,,,,,,,,,,,,,,,,,,,,,,,,,,,,,,,,,,,,,,,,,,,,,,,,,,,,,,,,,,,,,,,,,,,,,,,,,,,,,,,,,,,,,,,,,,,,,,,,,,,,,,,,,,,,,,,,,,,,,,,,,,,,,,,,,,5.0,3.0,2.0,4.0,4.0,2.0,2.0,5.0,3.0,5.0,5.0,4.0,4.0,2.0,5.0,1.0,4.0,3.0,4.0,5.0,3.0,2.0,3.0,2.0,4.0,2.0,4.0,3.0,4.0,4.0,1.0,3.0,4.0,3.0,1.0,4.0,2.0,2.0,2.0,3.0,3.0,2.0,4.0,4.0,2.0,3.0,4.0,4.0,4.0,4.0,3.0,3.0,2.0,4.0,2.0,4.0,2.0,5.0,3.0,4.0,5.0,4.0,2.0,3.0,4.0,2.0,3.0,4.0,2.0,2.0,4.0,3.0,4.0,2.0,5.0,1.0,2.0,4.0,2.0,3.0,4.0,2.0,1.0,2.0,4.0,2.0,3.0,1.0,4.0,3.0,1.0,3.0,4.0,3.0,3.0,4.0,2.0,2.0,3.0,4.0,1.0,4.0,2.0,4.0,1.0,4.0,2.0,5.0,4.0,4.0,4.0,1.0,3.0,4.0,2.0,4.0,2.0,4.0,2.0,3.0,4.0,3.0,2.0,4.0,3.0,2.0,3.0,5.0,5.0,3.0,2.0,3.0,3.0,2.0,4.0,2.0,3.0,2.0,3.0,4.0,3.0,3.0,4.0,2.0,4.0,2.0,4.0,2.0,3.0,2.0,2.0,2.0,3.0,2.0,2.0,3.0,2.0,2.0,1.0,1.0,3.0,4.0,3.0,3.0,4.0,4.0,2.0,1.0,2.0,3.0,1.0,4.0,3.0,4.0,3.0,3.0,2.0,4.0,4.0,3.0,4.0,4.0,4.0,2.0,4.0,2.0,3.0,1.0,1.0,4.0,3.0,2.0,3.0,2.0,5.0,2.0,3.0,2.0,3.0,4.0,2.0,3.0,4.0,4.0,3.0,4.0,4.0,4.0,4.0,3.0,2.0,3.0,4.0,1.0,4.0,2.0,4.0,1.0,3.0,2.0,2.0,2.0,2.0,3.0,4.0,2.0,3.0,2.0,2.0,4.0,4.0,4.0,3.0,2.0,4.0,4.0,3.0,4.0,2.0,3.0,5.0,1.0,1.0
SGO1619438,Göteborg,Dator 02,P8FB0001069,11994.0,SGO1619438,1.0,,,,,,,,,,,,,,,,,,,,,,2.0,Completed,42389.553090277775,1337.0,11988.0,LOCAL,,0.0,,120.0,59.0,92.0,36.0,71.0,33.0,144.0,61.0,117.0,73.0,18.0,54.0,22.0,63.0,23.0,60.0,15.0,50.0,16.0,50.0,26.0,64.0,14.0,29.0,7.0,23.0,23.0,48.0,18.0,53.0,13.0,35.0,17.0,45.0,21.0,51.0,11.0,38.0,9.0,37.0,9.0,31.0,13.0,45.0,8.0,28.0,21.0,51.0,18.0,45.0,22.0,48.0,27.0,72.0,27.0,64.0,29.0,68.0,21.0,69.0,12.0,51.0,24.0,75.0,18.0,63.0,18.0,59.0,24.0,80.0,,,,,,,,,,,,,,,,,,,,,,,,,,,,,,,,,,,,,,,,,,,,,,,,,,,,,,,,,,,,,,,,,,,,,,,,,,,,,,,,,,,,,,,,,,,,,,,,,,,,,,,,,,,,,,,,,,,,,,,,,,,,,,,,,,,,,,,,,,,,,,,,,,,,,,,,,,,,,,,,,,,,,,,,,,,,,,,,,,,,,,,,,,,,,,,,,,,,,,,,,,,,,,,,,,,,,,,,,,,,,,,,,,,,,,,,,,,,,,,,,,,,4.0,4.0,4.0,2.0,2.0,2.0,5.0,1.0,2.0,4.0,2.0,2.0,2.0,4.0,4.0,2.0,3.0,2.0,4.0,2.0,2.0,1.0,3.0,1.0,2.0,1.0,5.0,2.0,5.0,3.0,4.0,2.0,4.0,4.0,1.0,2.0,2.0,5.0,3.0,2.0,4.0,4.0,2.0,4.0,4.0,2.0,4.0,2.0,3.0,1.0,4.0,5.0,1.0,2.0,4.0,1.0,3.0,3.0,1.0,4.0,2.0,3.0,4.0,2.0,4.0,2.0,2.0,1.0,4.0,3.0,2.0,2.0,4.0,2.0,5.0,4.0,4.0,4.0,4.0,4.0,2.0,3.0,1.0,1.0,3.0,4.0,4.0,1.0,4.0,4.0,3.0,2.0,2.0,3.0,4.0,4.0,4.0,5.0,5.0,4.0,4.0,3.0,2.0,4.0,1.0,1.0,1.0,4.0,1.0,4.0,1.0,1.0,5.0,4.0,4.0,2.0,1.0,5.0,1.0,2.0,2.0,4.0,3.0,2.0,2.0,2.0,5.0,5.0,5.0,5.0,5.0,3.0,5.0,2.0,5.0,4.0,4.0,2.0,4.0,1.0,2.0,4.0,1.0,1.0,4.0,5.0,5.0,3.0,5.0,2.0,4.0,2.0,2.0,3.0,5.0,4.0,2.0,4.0,1.0,1.0,5.0,5.0,2.0,4.0,2.0,4.0,2.0,1.0,1.0,1.0,1.0,1.0,1.0,5.0,3.0,1.0,2.0,5.0,5.0,2.0,2.0,4.0,5.0,4.0,2.0,4.0,2.0,4.0,4.0,5.0,4.0,2.0,4.0,4.0,4.0,2.0,1.0,2.0,1.0,4.0,4.0,2.0,4.0,4.0,4.0,2.0,4.0,1.0,4.0,4.0,4.0,4.0,2.0,3.0,4.0,2.0,1.0,1.0,2.0,5.0,2.0,4.0,4.0,4.0,4.0,3.0,2.0,4.0,1.0,5.0,2.0,4.0,4.0,1.0,3.0,2.0,4.0,2.0,4.0,4.0,5.0,1.0,1.0
TP999,Göteborg,Dator 02,P8FB0001070,11993.0,,1.0,,,1.0,Completed,42401.554236111115,351.0,11988.0,LOCAL,,0.0,,20.0,56.0,27.0,50.0,39.0,71.0,27.3,41.0,21.0,34.0,,,,,,,,,,,,,,,,,,,,,,,,,,,,,,,,,,,,,,,,,,,,,,,,,,,,,,,,,,,,,,,,,,,,,,,,,,,,,,,,,,,,,,,,,,,,,,,,,,,,,,,,,,,,,,,,,,,,,,,,,,,,,,,,,,,,,,,,,,,,,,,,,,,,,,,,,,,,,,,,,,,,,,,,,,,,,,,,,,,,,,,,,,,,,,,,,,,,,,,,,,,,,,,,,,,,,,,,,,,,,,,,,,,,,,,,,,,,,,,,,,,,,,,,,,,,,,,,,,,,,,,,,,,,,,,,,,,,,,,,,,,,,,,,,,,,,,,,,,,,,,,,,,,,,,,,,,,,,,,,,,,,,,,,,,,,,,,,,,,,,,,,,,,,,,,,,,,,,,,,,,,,,,,,,,,,,,,,,,,,,,,,,,,,,,,,,,,,,,,,,,,,,,,,,,,,,,,,,,,,,,,,,,,,,,,,,,,,,,,,,,,,,,,,,,,,,,,,,,,,,,,,,,,,,,,,,,,,,,,,,,,,,,,,,,,,,,,,,,,,,,,,,,,,,,,,,,,,,,,,,,,,,,,,,,,,,,,,,,,,,,,,,,,,,,,,,,,,,,,,,,,,,
SGO1619102,Göteborg,Dator 02,P8FB0001071,11993.0,SGO1619102,2.0,,,,,,,,,,,,,,,,,,,,,,2.0,Completed,42411.55265046296,1797.0,11988.0,LOCAL,,0.0,,105.0,48.0,122.0,50.0,130.0,60.0,131.0,48.0,71.0,45.0,15.0,47.0,11.0,41.0,22.0,51.0,22.0,62.0,12.0,42.0,22.9,55.0,25.0,59.0,23.0,58.0,26.0,52.0,13.0,42.0,19.0,47.0,16.0,44.0,25.0,56.0,22.0,55.0,17.0,56.0,21.0,59.0,16.0,54.0,29.0,63.0,26.0,60.0,18.0,41.0,29.0,63.0,17.0,45.0,18.0,40.0,22.9,47.0,9.0,41.0,9.0,43.0,13.0,47.0,10.0,42.0,20.0,59.0,10.0,46.0,,,,,,,,,,,,,,,,,,,,,,,,,,,,,,,,,,,,,,,,,,,,,,,,,,,,,,,,,,,,,,,,,,,,,,,,,,,,,,,,,,,,,,,,,,,,,,,,,,,,,,,,,,,,,,,,,,,,,,,,,,,,,,,,,,,,,,,,,,,,,,,,,,,,,,,,,,,,,,,,,,,,,,,,,,,,,,,,,,,,,,,,,,,,,,,,,,,,,,,,,,,,,,,,,,,,,,,,,,,,,,,,,,,,,,,,,,,,,,,,,,,,4.0,3.0,2.0,2.0,4.0,2.0,1.0,1.0,3.0,3.0,4.0,3.0,4.0,1.0,5.0,2.0,4.0,2.0,5.0,5.0,4.0,3.0,1.0,3.0,4.0,2.0,1.0,,4.0,2.0,2.0,1.0,3.0,4.0,1.0,3.0,3.0,1.0,3.0,5.0,2.0,2.0,2.0,5.0,2.0,3.0,4.0,5.0,5.0,2.0,4.0,4.0,5.0,2.0,3.0,4.0,5.0,3.0,4.0,3.0,4.0,4.0,2.0,1.0,4.0,2.0,2.0,2.0,2.0,1.0,4.0,3.0,4.0,1.0,4.0,2.0,1.0,5.0,2.0,4.0,2.0,4.0,5.0,3.0,4.0,4.0,1.0,1.0,4.0,4.0,2.0,1.0,2.0,4.0,3.0,5.0,5.0,5.0,2.0,5.0,2.0,3.0,2.0,5.0,1.0,4.0,4.0,4.0,1.0,3.0,5.0,5.0,4.0,5.0,2.0,4.0,4.0,4.0,,3.0,3.0,4.0,1.0,2.0,4.0,1.0,3.0,5.0,5.0,2.0,4.0,3.0,4.0,3.0,4.0,2.0,2.0,2.0,4.0,3.0,2.0,4.0,3.0,3.0,4.0,3.0,2.0,4.0,4.0,3.0,2.0,4.0,1.0,4.0,2.0,4.0,2.0,1.0,3.0,3.0,3.0,4.0,4.0,5.0,3.0,5.0,3.0,5.0,5.0,5.0,2.0,4.0,4.0,3.0,5.0,5.0,5.0,5.0,5.0,3.0,3.0,4.0,2.0,5.0,4.0,3.0,2.0,1.0,3.0,4.0,4.0,3.0,4.0,5.0,5.0,2.0,3.0,3.0,3.0,4.0,4.0,5.0,3.0,3.0,3.0,4.0,1.0,1.0,5.0,3.0,1.0,4.0,4.0,4.0,5.0,3.0,4.0,1.0,3.0,2.0,2.0,2.0,4.0,4.0,4.0,4.0,4.0,2.0,2.0,1.0,3.0,1.0,3.0,2.0,4.0,4.0,4.0,3.0,3.0,3.0,5.0,2.0,1.0
SGK1619250,Göteborg,Dator 02,P8FB0001072,11993.0,SGK1619250,2.0,,,1.0,Completed,42422.563263888886,394.0,11988.0,LOCAL,,0.0,,22.0,53.0,24.0,44.0,27.0,52.0,41.0,61.0,33.0,50.0,2.0,Completed,42422.5684837963,885.0,11988.0,LOCAL,,0.0,,107.0,49.0,123.0,50.0,103.0,47.0,138.0,52.0,88.0,52.0,19.0,55.0,21.0,56.0,20.0,47.0,12.0,41.0,14.0,46.0,21.0,49.0,21.0,49.0,21.0,53.0,22.0,42.0,16.0,49.0,18.0,44.0,25.0,61.0,21.0,46.0,16.0,44.0,18.0,58.0,14.0,42.0,14.0,51.0,20.0,46.0,25.0,57.0,22.0,50.0,23.0,45.0,20.0,51.0,23.0,51.0,25.0,52.0,17.0,54.0,13.0,52.0,12.0,46.0,17.0,56.0,12.0,42.0,17.0,62.0,,,,,,,,,,,,,,,,,,,,,,,,,,,,,,,,,,,,,,,,,,,,,,,,,,,,,,,,,,,,,,,,,,,,,,,,,,,,,,,,,,,,,,,,,,,,,,,,,,,,,,,,,,,,,,,,,,,,,,,,,,,,,,,,,,,,,,,,,,,,,,,,,,,,,,,,,,,,,,,,,,,,,,,,,,,,,,,,,,,,,,,,,,,,,,,,,,,,,,,,,,,,,,,,,,,,,,,,,,,,,,,,,,,,,,,,,,,,,,,,,,,,3.0,4.0,4.0,2.0,3.0,2.0,2.0,1.0,3.0,1.0,3.0,3.0,4.0,2.0,3.0,3.0,3.0,4.0,5.0,3.0,3.0,3.0,2.0,1.0,4.0,2.0,2.0,2.0,4.0,2.0,2.0,3.0,3.0,4.0,2.0,3.0,2.0,5.0,1.0,4.0,2.0,3.0,3.0,4.0,1.0,3.0,4.0,4.0,3.0,4.0,2.0,4.0,3.0,2.0,2.0,3.0,4.0,3.0,2.0,5.0,3.0,3.0,3.0,1.0,4.0,2.0,3.0,4.0,3.0,2.0,3.0,4.0,4.0,2.0,4.0,3.0,4.0,4.0,3.0,3.0,4.0,3.0,2.0,1.0,4.0,4.0,3.0,2.0,4.0,2.0,3.0,2.0,2.0,4.0,3.0,3.0,3.0,3.0,2.0,4.0,3.0,4.0,2.0,5.0,3.0,2.0,3.0,2.0,2.0,4.0,4.0,2.0,3.0,4.0,3.0,3.0,4.0,3.0,2.0,4.0,2.0,4.0,4.0,2.0,3.0,2.0,3.0,3.0,3.0,3.0,3.0,4.0,4.0,3.0,3.0,2.0,3.0,4.0,2.0,4.0,4.0,3.0,2.0,3.0,3.0,4.0,3.0,2.0,4.0,2.0,4.0,4.0,3.0,4.0,2.0,3.0,4.0,5.0,1.0,3.0,2.0,3.0,2.0,4.0,3.0,3.0,2.0,3.0,2.0,3.0,2.0,3.0,2.0,4.0,4.0,3.0,3.0,4.0,5.0,4.0,3.0,3.0,3.0,4.0,4.0,3.0,3.0,4.0,2.0,4.0,2.0,3.0,2.0,4.0,5.0,3.0,2.0,3.0,3.0,3.0,2.0,2.0,3.0,4.0,3.0,3.0,2.0,2.0,4.0,4.0,3.0,4.0,3.0,4.0,4.0,3.0,2.0,2.0,3.0,2.0,2.0,2.0,3.0,3.0,4.0,4.0,3.0,4.0,2.0,2.0,3.0,2.0,3.0,2.0,3.0,3.0,3.0,3.0,4.0,4.0,5.0,1.0,1.0
SGO1619485,Göteborg,Dator 02,P8FB0001073,11993.0,SGO1619485,1.0,,,,,,,,,,,,,,,,,,,,,,2.0,Completed,42425.561423611114,1712.0,11988.0,LOCAL,,0.0,,103.0,51.0,90.0,35.0,109.0,51.0,137.0,57.0,105.0,67.0,23.0,64.0,14.0,50.0,18.0,48.0,10.0,39.0,16.0,50.0,22.0,54.0,19.0,43.0,20.0,53.0,21.0,43.0,11.0,37.0,9.0,27.0,10.0,31.0,25.0,60.0,22.0,58.0,18.0,54.0,14.0,43.0,14.0,47.0,16.0,42.0,23.0,56.0,26.0,61.0,24.0,54.0,22.0,59.0,21.0,51.0,21.0,47.0,18.0,63.0,8.0,42.0,21.0,68.0,16.0,59.0,21.0,67.0,21.0,76.0,,,,,,,,,,,,,,,,,,,,,,,,,,,,,,,,,,,,,,,,,,,,,,,,,,,,,,,,,,,,,,,,,,,,,,,,,,,,,,,,,,,,,,,,,,,,,,,,,,,,,,,,,,,,,,,,,,,,,,,,,,,,,,,,,,,,,,,,,,,,,,,,,,,,,,,,,,,,,,,,,,,,,,,,,,,,,,,,,,,,,,,,,,,,,,,,,,,,,,,,,,,,,,,,,,,,,,,,,,,,,,,,,,,,,,,,,,,,,,,,,,,,2.0,4.0,4.0,2.0,4.0,1.0,3.0,1.0,4.0,1.0,2.0,3.0,2.0,2.0,4.0,4.0,3.0,3.0,5.0,2.0,3.0,2.0,3.0,4.0,1.0,4.0,2.0,4.0,4.0,2.0,3.0,2.0,2.0,4.0,2.0,3.0,3.0,2.0,2.0,2.0,3.0,4.0,2.0,4.0,3.0,4.0,4.0,2.0,4.0,2.0,4.0,4.0,3.0,2.0,5.0,3.0,2.0,4.0,3.0,2.0,4.0,4.0,4.0,3.0,4.0,2.0,3.0,5.0,4.0,1.0,2.0,3.0,4.0,2.0,5.0,4.0,2.0,4.0,4.0,5.0,2.0,1.0,3.0,2.0,3.0,4.0,5.0,1.0,4.0,5.0,4.0,2.0,2.0,4.0,3.0,4.0,5.0,5.0,2.0,5.0,4.0,3.0,2.0,5.0,1.0,5.0,2.0,4.0,3.0,2.0,5.0,5.0,3.0,4.0,5.0,2.0,3.0,3.0,3.0,1.0,4.0,5.0,5.0,2.0,3.0,1.0,2.0,4.0,4.0,4.0,4.0,3.0,4.0,2.0,2.0,4.0,4.0,4.0,3.0,4.0,2.0,5.0,3.0,2.0,4.0,2.0,3.0,2.0,3.0,4.0,4.0,4.0,1.0,5.0,4.0,5.0,5.0,4.0,1.0,4.0,4.0,2.0,2.0,4.0,4.0,3.0,2.0,1.0,2.0,2.0,2.0,4.0,2.0,4.0,3.0,1.0,4.0,4.0,5.0,3.0,2.0,4.0,5.0,4.0,3.0,4.0,2.0,1.0,1.0,5.0,4.0,4.0,3.0,4.0,4.0,1.0,3.0,4.0,2.0,4.0,3.0,4.0,3.0,4.0,4.0,3.0,3.0,2.0,3.0,4.0,3.0,4.0,2.0,3.0,4.0,2.0,3.0,2.0,2.0,2.0,2.0,2.0,1.0,3.0,2.0,5.0,2.0,4.0,1.0,2.0,2.0,3.0,2.0,1.0,2.0,2.0,4.0,2.0,4.0,1.0,5.0,1.0,1.0
SGO1619558,Göteborg,Dator 02,P8FB0001074,11993.0,SGO1619558,2.0,,,,,,,,,,,,,,,,,,,,,,2.0,Completed,42431.568773148145,2063.0,11989.0,LOCAL,,0.0,,150.0,70.0,102.0,39.0,141.0,65.0,149.0,59.0,81.0,49.0,19.0,55.0,26.0,63.0,29.0,66.0,23.0,64.0,21.0,59.0,32.0,80.0,25.0,59.0,14.0,37.0,16.0,27.0,21.0,61.0,11.0,30.0,15.0,42.0,24.0,53.0,19.0,50.0,26.0,72.0,26.0,72.0,18.0,58.0,28.0,61.0,29.0,67.0,18.0,41.0,26.0,54.0,27.0,66.0,19.0,42.0,30.0,66.0,13.0,48.0,8.0,41.0,18.0,56.0,10.0,42.0,22.0,64.0,10.0,46.0,,,,,,,,,,,,,,,,,,,,,,,,,,,,,,,,,,,,,,,,,,,,,,,,,,,,,,,,,,,,,,,,,,,,,,,,,,,,,,,,,,,,,,,,,,,,,,,,,,,,,,,,,,,,,,,,,,,,,,,,,,,,,,,,,,,,,,,,,,,,,,,,,,,,,,,,,,,,,,,,,,,,,,,,,,,,,,,,,,,,,,,,,,,,,,,,,,,,,,,,,,,,,,,,,,,,,,,,,,,,,,,,,,,,,,,,,,,,,,,,,,,,3.0,5.0,5.0,1.0,4.0,1.0,1.0,5.0,3.0,3.0,4.0,4.0,5.0,3.0,4.0,1.0,3.0,4.0,5.0,3.0,1.0,5.0,4.0,3.0,4.0,3.0,1.0,1.0,4.0,3.0,1.0,5.0,2.0,5.0,2.0,1.0,4.0,5.0,2.0,2.0,3.0,4.0,1.0,4.0,3.0,5.0,5.0,5.0,1.0,3.0,5.0,4.0,1.0,1.0,5.0,5.0,5.0,,2.0,3.0,3.0,5.0,5.0,1.0,5.0,2.0,3.0,3.0,3.0,2.0,3.0,5.0,5.0,1.0,2.0,1.0,1.0,2.0,4.0,1.0,2.0,4.0,3.0,1.0,4.0,3.0,4.0,1.0,5.0,2.0,1.0,1.0,4.0,5.0,3.0,5.0,5.0,5.0,3.0,5.0,4.0,1.0,2.0,5.0,4.0,1.0,3.0,5.0,1.0,4.0,5.0,1.0,3.0,5.0,5.0,5.0,5.0,5.0,1.0,2.0,1.0,5.0,2.0,1.0,5.0,1.0,5.0,1.0,5.0,3.0,4.0,5.0,5.0,3.0,4.0,3.0,1.0,2.0,5.0,2.0,1.0,5.0,1.0,4.0,2.0,5.0,2.0,1.0,5.0,2.0,4.0,5.0,1.0,5.0,3.0,5.0,1.0,5.0,1.0,3.0,2.0,3.0,2.0,5.0,4.0,2.0,5.0,3.0,1.0,5.0,3.0,3.0,2.0,3.0,4.0,5.0,5.0,5.0,5.0,3.0,3.0,3.0,4.0,5.0,5.0,3.0,2.0,5.0,4.0,5.0,5.0,5.0,5.0,5.0,4.0,1.0,4.0,1.0,5.0,4.0,2.0,1.0,5.0,3.0,5.0,5.0,1.0,1.0,5.0,3.0,1.0,3.0,4.0,2.0,4.0,2.0,4.0,5.0,5.0,5.0,3.0,1.0,4.0,4.0,1.0,2.0,4.0,3.0,1.0,1.0,5.0,1.0,4.0,1.0,4.0,3.0,5.0,1.0,5.0,1.0,5.0,2.0,1.0
SMH1619226,Göteborg,Dator 02,P8FB0001076,11992.0,SMH1619226,1.0,,,,,,,,,,,,,,,,,,,,,,2.0,Completed,42450.56155092592,2191.0,11988.0,LOCAL,,0.0,,109.0,54.0,94.0,37.0,105.0,49.0,153.0,67.0,91.0,60.0,26.0,70.0,17.0,55.0,21.0,55.0,8.0,35.0,14.0,47.0,23.0,56.0,19.0,43.0,12.0,35.0,26.0,55.0,6.0,26.0,16.0,41.0,15.0,41.0,28.0,68.0,19.0,53.0,14.0,47.0,10.0,34.0,15.0,49.0,19.0,48.0,26.0,63.0,24.0,57.0,31.0,73.0,27.0,72.0,17.0,43.0,28.0,65.0,23.0,73.0,10.0,47.0,16.0,58.0,11.0,47.0,14.0,49.0,17.0,67.0,,,,,,,,,,,,,,,,,,,,,,,,,,,,,,,,,,,,,,,,,,,,,,,,,,,,,,,,,,,,,,,,,,,,,,,,,,,,,,,,,,,,,,,,,,,,,,,,,,,,,,,,,,,,,,,,,,,,,,,,,,,,,,,,,,,,,,,,,,,,,,,,,,,,,,,,,,,,,,,,,,,,,,,,,,,,,,,,,,,,,,,,,,,,,,,,,,,,,,,,,,,,,,,,,,,,,,,,,,,,,,,,,,,,,,,,,,,,,,,,,,,,3.0,5.0,5.0,3.0,4.0,2.0,2.0,2.0,2.0,5.0,4.0,3.0,1.0,1.0,5.0,2.0,3.0,3.0,4.0,5.0,4.0,1.0,4.0,4.0,3.0,4.0,2.0,3.0,4.0,3.0,4.0,2.0,3.0,5.0,1.0,4.0,3.0,3.0,1.0,2.0,4.0,4.0,4.0,5.0,4.0,5.0,3.0,2.0,1.0,2.0,3.0,2.0,1.0,1.0,5.0,4.0,3.0,4.0,1.0,2.0,2.0,5.0,4.0,2.0,3.0,1.0,3.0,4.0,4.0,2.0,2.0,2.0,5.0,1.0,5.0,4.0,4.0,3.0,3.0,4.0,2.0,1.0,2.0,3.0,4.0,4.0,3.0,5.0,4.0,4.0,2.0,1.0,2.0,5.0,3.0,3.0,3.0,2.0,2.0,5.0,2.0,1.0,3.0,5.0,1.0,2.0,1.0,2.0,1.0,2.0,3.0,4.0,1.0,5.0,4.0,3.0,4.0,5.0,1.0,3.0,1.0,4.0,4.0,1.0,4.0,1.0,4.0,3.0,5.0,4.0,3.0,1.0,5.0,2.0,4.0,4.0,3.0,5.0,4.0,5.0,4.0,4.0,1.0,2.0,4.0,3.0,2.0,2.0,4.0,3.0,5.0,5.0,1.0,5.0,4.0,4.0,3.0,5.0,1.0,2.0,4.0,5.0,3.0,5.0,4.0,4.0,2.0,1.0,1.0,2.0,4.0,2.0,5.0,1.0,3.0,3.0,4.0,5.0,5.0,4.0,2.0,4.0,1.0,4.0,2.0,5.0,2.0,3.0,1.0,5.0,2.0,4.0,5.0,5.0,5.0,1.0,2.0,3.0,1.0,2.0,3.0,4.0,2.0,4.0,2.0,3.0,5.0,1.0,5.0,2.0,4.0,4.0,2.0,3.0,4.0,2.0,5.0,3.0,4.0,3.0,3.0,2.0,5.0,5.0,4.0,1.0,2.0,5.0,2.0,2.0,5.0,5.0,2.0,1.0,3.0,3.0,4.0,2.0,4.0,4.0,5.0,1.0,1.0
TP999,Göteborg,Dator 02,P8FB0001078,11990.0,,2.0,,,,,,,,,,,,,,,,,,,,,,2.0,,42503.61479166667,0.0,11988.0,LOCAL,,0.0,,,,,,,,,,,,,,,,,,,,,,,,,,,,,,,,,,,,,,,,,,,,,,,,,,,,,,,,,,,,,,,,,,,,,,,,,,,,,,,,,,,,,,,,,,,,,,,,,,,,,,,,,,,,,,,,,,,,,,,,,,,,,,,,,,,,,,,,,,,,,,,,,,,,,,,,,,,,,,,,,,,,,,,,,,,,,,,,,,,,,,,,,,,,,,,,,,,,,,,,,,,,,,,,,,,,,,,,,,,,,,,,,,,,,,,,,,,,,,,,,,,,,,,,,,,,,,,,,,,,,,,,,,,,,,,,,,,,,,,,,,,,,,,,,,,,,,,,,,,,,,,,,,,,,,,,,,,,,,,,,,,,,,,,,,,,,,,,,,,,,,,,,,,,,,,,,,,,,,,,,,,,,,,,,,,,,,,,,,,,,,,,,,,,,,,,,,,,,,,,,,,,,,,,,,,,,,,,,,,,,,,,,,,,,,,,,,,,,,,,,,,,,,,,,,,,,,,,,,,,,,,,,,,,,,,,,,,,,,,,,,,,,,,,,,,,,,,,,,,,,,,,,,,,,,,,,,,,,,,,,,,,,,,,,,,,,,,,,,,,,,,,,,,,,,,,,,,,,
TP999,Göteborg,Dator 02,P8FB0001079,11990.0,,1.0,,,1.0,Completed,42506.55258101852,772.0,11988.0,LOCAL,,0.0,,32.0,73.0,21.0,41.0,24.0,50.0,29.0,43.0,20.0,33.0,,,,,,,,,,,,,,,,,,,,,,,,,,,,,,,,,,,,,,,,,,,,,,,,,,,,,,,,,,,,,,,,,,,,,,,,,,,,,,,,,,,,,,,,,,,,,,,,,,,,,,,,,,,,,,,,,,,,,,,,,,,,,,,,,,,,,,,,,,,,,,,,,,,,,,,,,,,,,,,,,,,,,,,,,,,,,,,,,,,,,,,,,,,,,,,,,,,,,,,,,,,,,,,,,,,,,,,,,,,,,,,,,,,,,,,,,,,,,,,,,,,,,,,,,,,,,,,,,,,,,,,,,,,,,,,,,,,,,,,,,,,,,,,,,,,,,,,,,,,,,,,,,,,,,,,,,,,,,,,,,,,,,,,,,,,,,,,,,,,,,,,,,,,,,,,,,,,,,,,,,,,,,,,,,,,,,,,,,,,,,,,,,,,,,,,,,,,,,,,,,,,,,,,,,,,,,,,,,,,,,,,,,,,,,,,,,,,,,,,,,,,,,,,,,,,,,,,,,,,,,,,,,,,,,,,,,,,,,,,,,,,,,,,,,,,,,,,,,,,,,,,,,,,,,,,,,,,,,,,,,,,,,,,,,,,,,,,,,,,,,,,,,,,,,,,,,,,,,,,,,,,,,
SGK1629053,Göteborg,Dator 02,P8FB0001080,11990.0,SGK1629053,1.0,,,,,,,,,,,,,,,,,,,,,,2.0,Completed,42520.55752314815,2157.0,11988.0,LOCAL,,0.0,,97.6,49.0,98.9,39.0,110.0,52.0,124.0,50.0,88.0,58.0,16.0,50.0,14.0,50.0,19.0,51.0,16.0,52.0,12.0,44.0,20.6,51.0,16.0,35.0,17.0,47.0,22.9,48.0,16.0,48.0,16.0,41.0,11.0,33.0,19.0,46.0,17.0,49.0,11.0,41.0,21.0,60.0,21.0,61.0,20.6,52.0,19.0,46.0,26.0,61.0,22.0,48.0,18.0,49.0,21.0,51.0,18.3,42.0,17.0,61.0,13.0,53.0,13.0,52.0,12.0,49.0,21.0,67.0,12.0,55.0,,,,,,,,,,,,,,,,,,,,,,,,,,,,,,,,,,,,,,,,,,,,,,,,,,,,,,,,,,,,,,,,,,,,,,,,,,,,,,,,,,,,,,,,,,,,,,,,,,,,,,,,,,,,,,,,,,,,,,,,,,,,,,,,,,,,,,,,,,,,,,,,,,,,,,,,,,,,,,,,,,,,,,,,,,,,,,,,,,,,,,,,,,,,,,,,,,,,,,,,,,,,,,,,,,,,,,,,,,,,,,,,,,,,,,,,,,,,,,,,,,,,3.0,4.0,2.0,3.0,2.0,2.0,3.0,4.0,3.0,3.0,4.0,2.0,4.0,3.0,,2.0,3.0,3.0,4.0,3.0,4.0,4.0,5.0,2.0,3.0,2.0,3.0,,,4.0,3.0,2.0,2.0,4.0,4.0,3.0,2.0,5.0,1.0,3.0,2.0,3.0,2.0,4.0,2.0,3.0,3.0,4.0,4.0,3.0,4.0,1.0,4.0,4.0,4.0,4.0,4.0,4.0,3.0,2.0,4.0,3.0,4.0,4.0,3.0,3.0,2.0,5.0,4.0,3.0,4.0,2.0,4.0,2.0,4.0,3.0,2.0,4.0,4.0,4.0,2.0,4.0,1.0,2.0,4.0,4.0,,2.0,4.0,5.0,4.0,2.0,3.0,4.0,4.0,4.0,2.0,2.0,1.0,3.0,4.0,4.0,2.0,4.0,1.0,3.0,3.0,2.0,3.0,3.0,5.0,2.0,4.0,4.0,3.0,4.0,4.0,3.0,3.0,2.0,3.0,3.0,4.0,2.0,4.0,2.0,3.0,1.0,5.0,2.0,3.0,3.0,4.0,3.0,4.0,2.0,2.0,3.0,3.0,2.0,3.0,4.0,2.0,2.0,3.0,4.0,2.0,3.0,3.0,4.0,3.0,3.0,4.0,4.0,2.0,3.0,5.0,4.0,2.0,3.0,2.0,4.0,4.0,4.0,3.0,4.0,5.0,4.0,3.0,4.0,4.0,5.0,4.0,2.0,4.0,4.0,4.0,4.0,4.0,4.0,2.0,3.0,4.0,4.0,3.0,3.0,3.0,2.0,2.0,3.0,4.0,2.0,3.0,4.0,4.0,2.0,3.0,3.0,3.0,3.0,4.0,2.0,3.0,3.0,2.0,4.0,4.0,2.0,3.0,2.0,3.0,3.0,3.0,2.0,4.0,3.0,3.0,1.0,2.0,3.0,2.0,3.0,2.0,4.0,3.0,3.0,4.0,3.0,2.0,2.0,3.0,1.0,3.0,2.0,3.0,4.0,4.0,3.0,3.0,4.0,4.0,2.0,1.0
SGO1629440,Göteborg,Dator 02,P8FB0001081,11989.0,SGO1629440,1.0,,,,,,,,,,,,,,,,,,,,,,2.0,Completed,42542.55568287037,1443.0,11988.0,LOCAL,,0.0,,144.0,71.0,43.0,20.0,102.0,48.0,132.0,54.0,114.0,71.0,27.0,72.0,24.0,66.0,29.0,73.0,11.0,41.0,25.0,65.0,28.0,70.0,10.0,21.0,5.0,21.0,12.0,22.0,6.0,26.0,0.0,21.0,10.0,31.0,28.0,68.0,23.0,60.0,10.0,39.0,11.0,36.0,15.0,49.0,15.0,41.0,19.0,46.0,20.0,49.0,25.0,56.0,21.0,57.0,21.0,51.0,26.0,60.0,18.0,63.0,14.0,56.0,23.0,73.0,18.0,63.0,20.0,64.0,20.6,76.0,,,,,,,,,,,,,,,,,,,,,,,,,,,,,,,,,,,,,,,,,,,,,,,,,,,,,,,,,,,,,,,,,,,,,,,,,,,,,,,,,,,,,,,,,,,,,,,,,,,,,,,,,,,,,,,,,,,,,,,,,,,,,,,,,,,,,,,,,,,,,,,,,,,,,,,,,,,,,,,,,,,,,,,,,,,,,,,,,,,,,,,,,,,,,,,,,,,,,,,,,,,,,,,,,,,,,,,,,,,,,,,,,,,,,,,,,,,,,,,,,,,,3.0,4.0,5.0,3.0,4.0,2.0,1.0,1.0,2.0,4.0,2.0,1.0,5.0,3.0,4.0,2.0,4.0,2.0,5.0,4.0,2.0,1.0,5.0,3.0,1.0,4.0,2.0,1.0,4.0,4.0,3.0,1.0,1.0,4.0,1.0,3.0,4.0,5.0,1.0,1.0,5.0,5.0,1.0,5.0,4.0,4.0,3.0,2.0,3.0,2.0,4.0,5.0,1.0,2.0,5.0,1.0,4.0,5.0,1.0,3.0,1.0,3.0,5.0,2.0,3.0,4.0,3.0,4.0,2.0,4.0,1.0,2.0,4.0,1.0,5.0,4.0,4.0,3.0,2.0,5.0,2.0,5.0,1.0,1.0,1.0,4.0,4.0,1.0,3.0,5.0,2.0,1.0,1.0,4.0,5.0,3.0,4.0,4.0,3.0,2.0,1.0,2.0,1.0,5.0,5.0,3.0,2.0,2.0,1.0,2.0,2.0,1.0,2.0,4.0,5.0,3.0,4.0,4.0,2.0,2.0,1.0,5.0,4.0,3.0,1.0,1.0,2.0,3.0,4.0,5.0,1.0,2.0,5.0,2.0,1.0,4.0,4.0,4.0,4.0,5.0,5.0,3.0,4.0,2.0,1.0,4.0,5.0,3.0,4.0,3.0,2.0,5.0,1.0,2.0,5.0,5.0,3.0,5.0,1.0,3.0,5.0,5.0,2.0,3.0,4.0,1.0,1.0,1.0,1.0,4.0,4.0,4.0,1.0,1.0,5.0,,3.0,4.0,5.0,1.0,3.0,4.0,5.0,4.0,1.0,5.0,1.0,4.0,1.0,5.0,5.0,4.0,4.0,4.0,2.0,5.0,4.0,3.0,4.0,1.0,5.0,3.0,5.0,5.0,5.0,4.0,3.0,1.0,5.0,2.0,3.0,5.0,1.0,3.0,2.0,3.0,3.0,,4.0,5.0,5.0,3.0,5.0,4.0,1.0,1.0,3.0,4.0,3.0,1.0,2.0,1.0,4.0,1.0,1.0,3.0,2.0,1.0,4.0,4.0,4.0,2.0,1.0
SGO1629159,Göteborg,Dator 02,P8FB0001082,11989.0,SGO1629159,1.0,,,,,,,,,,,,,,,,,,,,,,2.0,Completed,42548.57517361111,2093.0,11988.0,LOCAL,,0.0,,118.0,58.0,117.0,48.0,111.0,52.0,132.0,54.0,80.0,54.0,13.0,44.0,12.0,47.0,24.0,62.0,22.0,65.0,27.0,68.0,20.0,48.0,20.0,45.0,20.0,53.0,27.0,57.0,15.0,46.0,17.0,43.0,18.0,47.0,24.0,58.0,23.0,60.0,17.0,52.0,13.0,41.0,17.0,53.0,17.0,44.0,14.0,35.0,25.0,59.0,25.0,56.0,19.0,52.0,23.0,56.0,26.0,60.0,14.0,55.0,9.0,44.0,20.0,66.0,16.0,59.0,8.0,34.0,13.0,57.0,,,,,,,,,,,,,,,,,,,,,,,,,,,,,,,,,,,,,,,,,,,,,,,,,,,,,,,,,,,,,,,,,,,,,,,,,,,,,,,,,,,,,,,,,,,,,,,,,,,,,,,,,,,,,,,,,,,,,,,,,,,,,,,,,,,,,,,,,,,,,,,,,,,,,,,,,,,,,,,,,,,,,,,,,,,,,,,,,,,,,,,,,,,,,,,,,,,,,,,,,,,,,,,,,,,,,,,,,,,,,,,,,,,,,,,,,,,,,,,,,,,,2.0,3.0,4.0,4.0,4.0,3.0,2.0,2.0,4.0,3.0,2.0,4.0,4.0,2.0,5.0,2.0,3.0,3.0,5.0,4.0,4.0,3.0,5.0,2.0,2.0,2.0,3.0,2.0,4.0,4.0,2.0,2.0,4.0,3.0,2.0,4.0,3.0,2.0,2.0,4.0,4.0,4.0,2.0,4.0,2.0,4.0,4.0,3.0,4.0,3.0,3.0,4.0,1.0,3.0,3.0,3.0,2.0,3.0,3.0,4.0,3.0,4.0,3.0,3.0,4.0,1.0,1.0,4.0,4.0,3.0,3.0,3.0,4.0,1.0,5.0,3.0,4.0,3.0,4.0,3.0,4.0,2.0,3.0,3.0,4.0,4.0,3.0,1.0,5.0,3.0,2.0,1.0,4.0,3.0,3.0,4.0,5.0,4.0,2.0,5.0,3.0,3.0,2.0,4.0,1.0,2.0,2.0,5.0,3.0,3.0,2.0,2.0,3.0,4.0,3.0,5.0,2.0,3.0,1.0,3.0,2.0,5.0,3.0,2.0,3.0,2.0,2.0,4.0,5.0,3.0,4.0,3.0,4.0,2.0,4.0,4.0,4.0,2.0,3.0,4.0,4.0,5.0,4.0,2.0,4.0,3.0,2.0,4.0,4.0,3.0,2.0,5.0,3.0,2.0,3.0,5.0,3.0,3.0,1.0,4.0,4.0,3.0,2.0,4.0,4.0,4.0,2.0,4.0,2.0,4.0,1.0,3.0,1.0,5.0,3.0,3.0,4.0,4.0,5.0,4.0,4.0,3.0,4.0,3.0,3.0,3.0,2.0,1.0,2.0,4.0,3.0,3.0,4.0,4.0,4.0,4.0,3.0,2.0,4.0,4.0,2.0,3.0,5.0,3.0,3.0,4.0,3.0,2.0,5.0,3.0,3.0,3.0,4.0,2.0,4.0,3.0,3.0,2.0,3.0,2.0,3.0,2.0,4.0,4.0,4.0,3.0,3.0,2.0,2.0,2.0,4.0,3.0,5.0,1.0,3.0,3.0,4.0,3.0,3.0,4.0,5.0,1.0,1.0
SGK1629127,Göteborg,Dator 02,P8FB0001083,11989.0,SGK1629127,1.0,,,,,,,,,,,,,,,,,,,,,,2.0,Completed,42551.54821759259,1587.0,11988.0,LOCAL,,0.0,,120.0,59.0,94.0,37.0,100.0,47.0,97.0,34.0,128.0,78.0,22.0,62.0,13.0,49.0,22.0,58.0,22.0,65.0,21.0,59.0,20.0,48.0,17.0,37.0,16.0,44.0,26.0,55.0,16.0,48.0,12.0,33.0,7.0,24.0,18.0,44.0,2.0,21.0,9.0,37.0,27.0,75.0,30.0,79.0,14.0,39.0,12.0,30.0,13.0,35.0,26.0,59.0,14.0,39.0,12.0,33.0,20.0,45.0,13.0,53.0,25.0,80.0,23.0,73.0,18.0,63.0,29.0,80.0,20.0,74.0,,,,,,,,,,,,,,,,,,,,,,,,,,,,,,,,,,,,,,,,,,,,,,,,,,,,,,,,,,,,,,,,,,,,,,,,,,,,,,,,,,,,,,,,,,,,,,,,,,,,,,,,,,,,,,,,,,,,,,,,,,,,,,,,,,,,,,,,,,,,,,,,,,,,,,,,,,,,,,,,,,,,,,,,,,,,,,,,,,,,,,,,,,,,,,,,,,,,,,,,,,,,,,,,,,,,,,,,,,,,,,,,,,,,,,,,,,,,,,,,,,,,3.0,2.0,4.0,3.0,2.0,5.0,5.0,4.0,1.0,5.0,2.0,5.0,3.0,3.0,4.0,4.0,3.0,2.0,2.0,4.0,2.0,5.0,5.0,4.0,1.0,4.0,3.0,3.0,5.0,5.0,1.0,3.0,2.0,3.0,5.0,1.0,1.0,5.0,1.0,4.0,5.0,4.0,2.0,4.0,3.0,2.0,5.0,5.0,5.0,3.0,5.0,1.0,5.0,2.0,3.0,4.0,5.0,5.0,5.0,2.0,4.0,4.0,3.0,4.0,3.0,4.0,5.0,5.0,1.0,4.0,3.0,1.0,4.0,1.0,5.0,5.0,2.0,4.0,3.0,4.0,1.0,5.0,4.0,5.0,5.0,4.0,5.0,1.0,5.0,5.0,3.0,2.0,2.0,1.0,4.0,4.0,1.0,3.0,5.0,5.0,4.0,4.0,2.0,5.0,1.0,5.0,5.0,5.0,2.0,4.0,5.0,1.0,5.0,5.0,5.0,3.0,3.0,5.0,4.0,2.0,1.0,2.0,5.0,3.0,3.0,5.0,5.0,3.0,4.0,2.0,3.0,2.0,2.0,1.0,3.0,2.0,1.0,3.0,5.0,4.0,1.0,5.0,4.0,4.0,3.0,5.0,4.0,3.0,3.0,4.0,2.0,3.0,3.0,3.0,2.0,3.0,1.0,5.0,2.0,4.0,3.0,5.0,2.0,5.0,4.0,3.0,5.0,5.0,5.0,4.0,5.0,5.0,2.0,1.0,4.0,3.0,3.0,4.0,3.0,2.0,5.0,5.0,1.0,2.0,5.0,4.0,5.0,1.0,3.0,5.0,5.0,2.0,4.0,3.0,5.0,4.0,4.0,2.0,4.0,3.0,4.0,5.0,5.0,5.0,5.0,3.0,5.0,4.0,4.0,2.0,4.0,3.0,4.0,3.0,5.0,5.0,3.0,1.0,4.0,3.0,4.0,4.0,5.0,4.0,5.0,3.0,4.0,4.0,2.0,4.0,2.0,3.0,5.0,4.0,4.0,2.0,4.0,5.0,5.0,3.0,5.0,1.0,1.0
SGO1639160,Göteborg,Dator 02,P8FB0001085,11988.0,SGO1639160,2.0,,,,,,,,,,,,,,,,,,,,,,2.0,Completed,42559.41605324074,4810.0,11988.0,LOCAL,,0.0,,105.0,48.0,104.0,40.0,92.0,42.0,133.0,49.0,119.0,66.0,18.0,53.0,14.0,45.0,23.0,53.0,17.0,52.0,11.0,40.0,22.0,52.0,20.0,47.0,12.0,33.0,26.0,52.0,11.0,37.0,13.0,34.0,22.0,55.0,22.0,49.0,20.0,51.0,11.0,45.0,11.0,34.0,12.0,47.0,16.0,39.0,14.0,31.0,28.0,63.0,26.0,54.0,21.0,54.0,23.0,51.0,21.0,41.0,26.0,69.0,13.0,52.0,22.0,63.0,19.0,60.0,18.0,55.0,21.0,71.0,,,,,,,,,,,,,,,,,,,,,,,,,,,,,,,,,,,,,,,,,,,,,,,,,,,,,,,,,,,,,,,,,,,,,,,,,,,,,,,,,,,,,,,,,,,,,,,,,,,,,,,,,,,,,,,,,,,,,,,,,,,,,,,,,,,,,,,,,,,,,,,,,,,,,,,,,,,,,,,,,,,,,,,,,,,,,,,,,,,,,,,,,,,,,,,,,,,,,,,,,,,,,,,,,,,,,,,,,,,,,,,,,,,,,,,,,,,,,,,,,,,,1.0,4.0,3.0,4.0,4.0,3.0,3.0,3.0,3.0,3.0,3.0,2.0,4.0,1.0,5.0,3.0,3.0,3.0,4.0,3.0,2.0,3.0,3.0,2.0,2.0,3.0,3.0,2.0,3.0,3.0,4.0,2.0,3.0,3.0,3.0,3.0,2.0,4.0,1.0,3.0,4.0,3.0,2.0,4.0,1.0,3.0,3.0,3.0,1.0,3.0,3.0,4.0,3.0,2.0,4.0,2.0,3.0,4.0,3.0,4.0,1.0,4.0,2.0,3.0,4.0,1.0,3.0,3.0,5.0,2.0,3.0,1.0,4.0,1.0,4.0,4.0,4.0,4.0,3.0,3.0,3.0,2.0,2.0,1.0,4.0,4.0,3.0,2.0,4.0,3.0,4.0,1.0,2.0,3.0,3.0,4.0,4.0,2.0,1.0,2.0,4.0,3.0,2.0,5.0,2.0,2.0,2.0,4.0,3.0,2.0,4.0,3.0,4.0,4.0,4.0,2.0,2.0,4.0,2.0,4.0,2.0,4.0,3.0,3.0,4.0,2.0,2.0,4.0,5.0,3.0,4.0,2.0,4.0,2.0,4.0,4.0,3.0,3.0,2.0,3.0,3.0,3.0,2.0,2.0,3.0,4.0,3.0,4.0,2.0,2.0,4.0,3.0,2.0,2.0,3.0,3.0,5.0,4.0,1.0,2.0,4.0,3.0,1.0,4.0,4.0,2.0,2.0,4.0,2.0,2.0,2.0,2.0,4.0,4.0,4.0,2.0,3.0,4.0,5.0,4.0,1.0,3.0,1.0,3.0,3.0,4.0,2.0,2.0,1.0,5.0,4.0,2.0,4.0,4.0,4.0,3.0,2.0,3.0,2.0,2.0,3.0,4.0,3.0,4.0,3.0,3.0,2.0,2.0,4.0,4.0,3.0,3.0,4.0,3.0,4.0,3.0,3.0,2.0,3.0,4.0,4.0,3.0,2.0,3.0,4.0,2.0,2.0,3.0,2.0,1.0,2.0,1.0,2.0,2.0,3.0,3.0,3.0,2.0,4.0,4.0,5.0,1.0,1.0
